,mean_fit_time,std_fit_time,mean_score_time,std_score_time,params,split0_test_score,split1_test_score,split2_test_score,split3_test_score,split4_test_score,split5_test_score,split6_test_score,split7_test_score,split8_test_score,split9_test_score,mean_test_score,std_test_score,rank_test_score,data_frame,cv_train_size,cv_test_size,lag_time,scoring_method,features_to_use
0,0.001641249656677246,0.0012342511964963533,0.0004860401153564453,2.9314085442656427e-05,{},-4.971660572725244,-11.129374241011647,-13.810161375951612,-16.759617812193028,-11.989201192217298,-3.753684961595809,-6.626747109045664,-7.414210099865113,-9.577398330751112,-5.071676280598149,-9.110373197595468,4.054140747981592,1,finbert_summary_sentiment_df,10,5,0,neg_mean_absolute_error,"open,prev_high,prev_low,prev_close,positive,negative,neutral"
0,0.0012220382690429688,0.0001354529032676857,0.0004866600036621094,1.789594693803069e-05,{},-23.422313022004893,-5.966954911135138,-13.928304938540805,-5.737552661115478,-10.7995319521302,-11.040157831201213,-4.949491870671045,-7.679082426648438,-6.721927554628292,-5.690760140049042,-9.593607730812455,5.387979280978766,1,finbert_summary_sentiment_df,10,5,5,neg_mean_absolute_error,"open,prev_high,prev_low,prev_close,positive,negative,neutral"
0,0.0011084794998168946,8.831173823944435e-05,0.0004580497741699219,1.4235326287164132e-05,{},-2.75818854912377,-20.524056682874107,-14.512203826709447,-2.102924914002597,-2.060822391322881,-15.709922938552518,-5.057122712509885,-23.954279987804284,-11.674435866055683,-13.881566627685242,-11.223552449664043,7.507400324676281,1,finbert_summary_sentiment_df,10,5,30,neg_mean_absolute_error,"open,prev_high,prev_low,prev_close,positive,negative,neutral"
0,0.0012702703475952148,0.0001611614171566571,0.000485992431640625,2.6243204224532724e-05,{},-11.668310982910771,-7.4985376538446875,-14.302099920870479,-7.69338513651569,-4.19782973055153,-4.313951261898728,-4.951402225783295,-11.72390005226298,-2.934194163110078,-77.00395391744459,-14.628756504519282,21.101012291216403,1,finbert_tone_summary_sentiment_df,10,5,0,neg_mean_absolute_error,"open,prev_high,prev_low,prev_close,positive,negative,neutral"
0,0.0012064218521118165,0.00010888263275238447,0.00048129558563232423,2.2536811767401358e-05,{},-15.726524403244548,-18.74266758497979,-8.550318881326529,-5.44784981743951,-6.458976149983892,-4.927684056740327,-8.247076484285753,-8.83984927948336,-38.15578680814251,-6.9766140012682625,-12.207334746689448,9.632771258558966,1,finbert_tone_summary_sentiment_df,10,5,5,neg_mean_absolute_error,"open,prev_high,prev_low,prev_close,positive,negative,neutral"
0,0.0012368440628051757,0.00012762264157368644,0.0005079507827758789,5.422198858801048e-05,{},-3.5540011730125114,-7.718858895320591,-13.238527138105928,-3.9464323848947513,-2.9121466593566767,-18.83654612813698,-10.168722107944632,-11.019515430273895,-16.498652154699084,-15.92691853407796,-10.3820320605823,5.469732114204161,1,finbert_tone_summary_sentiment_df,10,5,30,neg_mean_absolute_error,"open,prev_high,prev_low,prev_close,positive,negative,neutral"
0,0.0011962413787841796,0.0001661942089363569,0.0004779815673828125,2.479181812052901e-05,{},-3.944706948610201,-21.582186716720436,-12.573846662752839,-6.802870355609957,-3.7884382746990015,-5.551504387886053,-4.039816014022472,-10.241805255766758,-2.553430038349961,-15.888755045425933,-8.696735969984362,5.956162285832037,1,finbert_whole_article_sentiment_df,10,5,0,neg_mean_absolute_error,"open,prev_high,prev_low,prev_close,positive,negative,neutral"
0,0.001282048225402832,8.680741886788022e-05,0.00048580169677734373,1.7276120189652334e-05,{},-2.845504732164045,-7.058219105913622,-10.774004005387088,-5.58241085075515,-5.624364937212522,-4.956329040509081,-9.068347900159916,-6.184191946608598,-7.257945928441222,-4.58725513876243,-6.393857358591367,2.1619953539797363,1,finbert_whole_article_sentiment_df,10,5,5,neg_mean_absolute_error,"open,prev_high,prev_low,prev_close,positive,negative,neutral"
0,0.0011874914169311523,0.0001336617189265603,0.00047953128814697265,2.6843443953437408e-05,{},-1.647240023195036,-4.862850120089024,-20.812439554433602,-4.30692954333058,-1.6272077923484176,-3.2008528641579685,-2.797307584561577,-12.60044192204541,-17.616703171911105,-11.47254413750179,-8.09445167135745,6.665758358418939,1,finbert_whole_article_sentiment_df,10,5,30,neg_mean_absolute_error,"open,prev_high,prev_low,prev_close,positive,negative,neutral"
0,0.0011461734771728515,0.0001183572935777901,0.0004693269729614258,1.9690617906422907e-05,{},-5.519468653215716,-7.073314834911253,-16.256822616684257,-4.548684995417955,-4.907156964483488,-4.069444313674057,-4.221607537644013,-4.683420444301737,-3.4939369852651,-4.0178333895560625,-5.879169073515364,3.5856992115219706,1,finbert_tone_whole_article_sentiment_df,10,5,0,neg_mean_absolute_error,"open,prev_high,prev_low,prev_close,positive,negative,neutral"
0,0.0013094186782836915,0.00012692525829249607,0.0005088567733764649,3.388045454573438e-05,{},-2.9282328235103705,-6.478948188235535,-3.579489229355204,-5.701937029314013,-4.9304339143859695,-2.5004263574561265,-7.012956079138144,-6.361262572024498,-18.639826340471245,-7.680858015221088,-6.58143705491122,4.351669104269446,1,finbert_tone_whole_article_sentiment_df,10,5,5,neg_mean_absolute_error,"open,prev_high,prev_low,prev_close,positive,negative,neutral"
0,0.0011659383773803711,9.555060260116961e-05,0.0004642248153686523,1.2600348597794199e-05,{},-3.064280823175454,-7.755009193036676,-16.03909087935562,-3.676495965719005,-2.5794985651456956,-3.337253745885073,-2.498716049910132,-6.955310746121176,-20.167757327826983,-4.207204157863453,-7.028061745403927,5.858434362034813,1,finbert_tone_whole_article_sentiment_df,10,5,30,neg_mean_absolute_error,"open,prev_high,prev_low,prev_close,positive,negative,neutral"
0,0.0011650323867797852,0.00010588336596230292,0.00047607421875,2.652920716015565e-05,{},-5.239562079728057,-3.5576588117706933,-10.73916555402684,-6.936220030858863,-1.5221244257626267,-4.155717162126711,-5.903663660834718,-3.627850425041106,-3.7043965233180076,-7.649438473505915,-5.303579714697355,2.492168694286918,1,bert_topic_article_sentiment_df,10,5,0,neg_mean_absolute_error,"open,prev_high,prev_low,prev_close,positive,negative,neutral"
0,0.0011780261993408203,0.0001257970170063795,0.0004766702651977539,2.0300624502094676e-05,{},-5.777571167634233,-5.145915742801662,-2.8723261027274476,-4.476873610969233,-9.499250919146812,-3.434508775288441,-9.657265055675452,-4.511955491930621,-6.3701308985340805,-6.6912898231560005,-5.843708758786398,2.183304098242695,1,bert_topic_article_sentiment_df,10,5,5,neg_mean_absolute_error,"open,prev_high,prev_low,prev_close,positive,negative,neutral"
0,0.0012331247329711915,0.00015733875733603013,0.000482177734375,3.340910471419144e-05,{},-3.298622743607166,-8.297630658144783,-15.811423949158689,-5.054958653294307,-2.7588086804542398,-4.202021259671346,-2.104850000415354,-3.56644296081497,-8.615724567467897,-7.605149798554453,-6.13156332715832,3.9218817254047833,1,bert_topic_article_sentiment_df,10,5,30,neg_mean_absolute_error,"open,prev_high,prev_low,prev_close,positive,negative,neutral"
0,0.0011735677719116211,0.00010388623064086047,0.0004735708236694336,2.221596806432347e-05,{},-2.7653996066977924,-4.0922847266547135,-5.353586671861694,-4.372294492996696,-2.702978624727166,-3.2430185686989716,-1.777962298625971,-3.8531832477038277,-1.720663669455098,-4.272973050601808,-3.4154344958023737,1.121185391321304,1,finbert_summary_sentiment_df,20,5,0,neg_mean_absolute_error,"open,prev_high,prev_low,prev_close,positive,negative,neutral"
0,0.0012854814529418945,9.732362336716231e-05,0.0004940032958984375,1.843393495567103e-05,{},-2.462463606681041,-4.27146170220185,-4.668566658596876,-3.558192499037432,-2.2404742889826705,-4.058180570384593,-2.04228514882534,-3.231085604928012,-4.098199109121651,-4.322308650084051,-3.495321783884352,0.9038585213478599,1,finbert_summary_sentiment_df,20,5,5,neg_mean_absolute_error,"open,prev_high,prev_low,prev_close,positive,negative,neutral"
0,0.001179647445678711,0.00011732717568249554,0.00047235488891601564,2.1907229667510398e-05,{},-3.1766700234557903,-5.93010902739079,-7.735944211982496,-2.5114678258118603,-2.53714112088025,-2.5323329575227036,-2.181353880642291,-7.392091829695488,-2.8428350753988525,-2.259587597683037,-3.909953355046356,2.096925025914317,1,finbert_summary_sentiment_df,20,5,30,neg_mean_absolute_error,"open,prev_high,prev_low,prev_close,positive,negative,neutral"
0,0.0011991739273071289,0.00015207693298764592,0.0004715442657470703,1.787687880426783e-05,{},-2.9308011975545014,-4.5003744589430426,-3.358940048436716,-6.07248342144012,-1.539862904108304,-3.6595148658472683,-1.773337080304009,-2.9057233243775955,-3.724838927700921,-2.5702085120155203,-3.3036084740728002,1.252748405341916,1,finbert_tone_summary_sentiment_df,20,5,0,neg_mean_absolute_error,"open,prev_high,prev_low,prev_close,positive,negative,neutral"
0,0.0011696577072143554,0.0001351686352773074,0.000472569465637207,4.066409720976024e-05,{},-2.980611857229815,-5.303539458730484,-3.88732297237857,-2.597579352710818,-1.927649226284484,-4.266788510380866,-1.2984360083148203,-3.2555897204925714,-5.574395090750341,-9.197598867102306,-4.028951106437507,2.1545678873969982,1,finbert_tone_summary_sentiment_df,20,5,5,neg_mean_absolute_error,"open,prev_high,prev_low,prev_close,positive,negative,neutral"
0,0.0011980295181274413,9.435036546814264e-05,0.0004796266555786133,2.1400919673684377e-05,{},-3.828767160773805,-4.520124091382968,-9.250646311207674,-2.726082037324886,-1.4624448519205544,-4.474424348280809,-2.2733437338210933,-3.0151028845255494,-3.0325418790737784,-8.96549760340713,-4.354897490171824,2.5385084513936107,1,finbert_tone_summary_sentiment_df,20,5,30,neg_mean_absolute_error,"open,prev_high,prev_low,prev_close,positive,negative,neutral"
0,0.0012480974197387694,8.530078668932592e-05,0.0004977703094482422,5.040236430223674e-05,{},-3.0705949846673777,-5.863671725048062,-3.2446640063224095,-4.596594290300709,-2.323432406260639,-2.809737944600306,-1.6825978198500935,-3.763776098606263,-3.2085986768241583,-3.744575479994643,-3.4308243432474663,1.1121703512607923,1,finbert_whole_article_sentiment_df,20,5,0,neg_mean_absolute_error,"open,prev_high,prev_low,prev_close,positive,negative,neutral"
0,0.0012923002243041993,9.620885693827232e-05,0.0004912614822387695,1.9590188877798046e-05,{},-2.5474612246380106,-6.283604673731679,-2.7862013100039804,-2.5378707941497622,-2.1412004340460955,-3.324661450764933,-1.6087821956942094,-4.151665408103781,-5.053926727039942,-5.55817317049673,-3.599354738866912,1.5007161677983671,1,finbert_whole_article_sentiment_df,20,5,5,neg_mean_absolute_error,"open,prev_high,prev_low,prev_close,positive,negative,neutral"
0,0.0011353731155395509,0.00010963063112872695,0.0004631996154785156,1.936534269915047e-05,{},-3.476436538558744,-4.429658226724774,-12.422396139298503,-3.038835271589926,-1.2665624941459555,-2.2906211148468687,-1.6012666630555485,-4.3174625978234875,-2.4188869106292943,-4.253499480389928,-3.951562543706303,3.0184167847197036,1,finbert_whole_article_sentiment_df,20,5,30,neg_mean_absolute_error,"open,prev_high,prev_low,prev_close,positive,negative,neutral"
0,0.0012181520462036133,0.0001043316569358474,0.00047435760498046873,2.081878896253678e-05,{},-3.795445888485574,-4.864627463309444,-3.5559017738328293,-3.41413700312778,-1.7455632087489903,-2.4647108672006652,-4.231680859270819,-5.04950581677831,-4.961996977767285,-3.6405852455793593,-3.772415510410106,1.0228043957368815,1,finbert_tone_whole_article_sentiment_df,20,5,0,neg_mean_absolute_error,"open,prev_high,prev_low,prev_close,positive,negative,neutral"
0,0.0011769771575927735,9.490827654465639e-05,0.00046732425689697263,1.9502129699640287e-05,{},-3.3276748410891743,-5.348218659385748,-3.0900134402558477,-2.0352641930157915,-0.7155969457899118,-2.6933396934856773,-3.201089953893006,-6.469295913903261,-9.904102296480868,-9.312460845432724,-4.609705678273201,2.9249200873643804,1,finbert_tone_whole_article_sentiment_df,20,5,5,neg_mean_absolute_error,"open,prev_high,prev_low,prev_close,positive,negative,neutral"
0,0.0011752843856811523,0.00011183255934507329,0.0004811286926269531,4.042878967527282e-05,{},-3.3341369922255866,-4.989851848088142,-10.930813916015676,-4.614280989582426,-1.9625367720716895,-3.479160630679053,-1.6478904439601139,-3.704805603636987,-2.7906181609167104,-2.528099787318297,-3.998219514449468,2.5200764872409476,1,finbert_tone_whole_article_sentiment_df,20,5,30,neg_mean_absolute_error,"open,prev_high,prev_low,prev_close,positive,negative,neutral"
0,0.0011627674102783203,0.00011513790830835577,0.00047161579132080076,1.4677931509247474e-05,{},-2.8549010928209553,-4.0142003018697325,-2.5005987284899676,-4.058612321997816,-2.0645375803944264,-2.929125299969985,-3.251826558799985,-3.123727459859674,-3.755331161225422,-4.375209560536041,-3.2928070065964006,0.7058982187593416,1,bert_topic_article_sentiment_df,20,5,0,neg_mean_absolute_error,"open,prev_high,prev_low,prev_close,positive,negative,neutral"
0,0.0011904239654541016,9.144625332704354e-05,0.00047767162322998047,1.8773778960973654e-05,{},-3.0056974930818567,-5.103877981134724,-3.2034243229531967,-3.7119263905708975,-3.0209230628227033,-2.666325190382486,-2.6982842907458973,-3.3958299854652068,-4.281527984709351,-4.078536325317055,-3.516635302718337,0.73962695204403,1,bert_topic_article_sentiment_df,20,5,5,neg_mean_absolute_error,"open,prev_high,prev_low,prev_close,positive,negative,neutral"
0,0.0012362003326416016,0.00011007948717857836,0.000487828254699707,2.156454861396815e-05,{},-3.1425423947256603,-4.931971378020035,-8.6181590724432,-3.142176685018444,-2.23883094211522,-2.36745228853556,-1.02851681553052,-3.334071365399905,-4.838944914553759,-6.5703669219516545,-4.021303277829395,2.145069611497179,1,bert_topic_article_sentiment_df,20,5,30,neg_mean_absolute_error,"open,prev_high,prev_low,prev_close,positive,negative,neutral"
0,0.0011559009552001953,9.924004312742358e-05,0.000469970703125,2.2385409747703632e-05,{},-2.9272400286911306,-4.6782156902613625,-3.4159887140849152,-2.7305361158330017,-1.1523376518804753,-2.505902273128038,-1.950885028462983,-4.120338025658242,-2.0092712177245575,-3.3549224845880703,-2.8845637230312775,1.0027664579985385,1,finbert_summary_sentiment_df,60,5,0,neg_mean_absolute_error,"open,prev_high,prev_low,prev_close,positive,negative,neutral"
0,0.0012812137603759766,0.00013772089026615754,0.0004844188690185547,1.6064812995335055e-05,{},-2.757556731820023,-4.755762739323427,-3.5074528961820475,-2.785506833315458,-1.0233494080920535,-2.7758639130236133,-2.049790730431039,-4.470662051825229,-2.0035697775711467,-3.96234949557728,-3.009186457716132,1.112936305448908,1,finbert_summary_sentiment_df,60,5,5,neg_mean_absolute_error,"open,prev_high,prev_low,prev_close,positive,negative,neutral"
0,0.0012751340866088868,7.88664046241348e-05,0.0004903554916381836,1.5869098357226863e-05,{},-2.586956226773327,-4.1814944891220875,-3.4895655440452176,-2.5169371028632668,-0.9775944642173272,-3.1706255482758023,-2.2088830898962897,-3.251409027046145,-1.843013877892281,-3.5938248952666525,-2.7820304265398397,0.8979980961894646,1,finbert_summary_sentiment_df,60,5,30,neg_mean_absolute_error,"open,prev_high,prev_low,prev_close,positive,negative,neutral"
0,0.0011908292770385742,0.00011939249504361718,0.0004724740982055664,2.306237346915961e-05,{},-3.1233300294603397,-4.7141123717281515,-3.6461649368743565,-2.539889161535302,-1.2304728575698392,-2.745248655751266,-2.0994527253630624,-3.1546585437665273,-2.3486778533549115,-2.790605508493127,-2.8392612643896884,0.8844969769950649,1,finbert_tone_summary_sentiment_df,60,5,0,neg_mean_absolute_error,"open,prev_high,prev_low,prev_close,positive,negative,neutral"
0,0.0011891365051269532,0.00013062789243734415,0.0004787445068359375,2.3551845998297816e-05,{},-2.979577996125954,-4.850320001369982,-3.752250226758042,-2.564358071028073,-1.2177325728926007,-2.8828753492411123,-2.101865120306866,-3.393855194187199,-2.3327887749087495,-3.7540438285793245,-2.98296671353979,0.966570255446079,1,finbert_tone_summary_sentiment_df,60,5,5,neg_mean_absolute_error,"open,prev_high,prev_low,prev_close,positive,negative,neutral"
0,0.0011821031570434571,0.00011370034055892709,0.0004894495010375977,4.5873797810445894e-05,{},-2.7832397103138646,-4.179164848867731,-3.6614333531164447,-2.5378795863207415,-1.3365271944539017,-3.0196842898018077,-2.310842599514217,-2.6714627576222485,-2.064733747631999,-3.904135349333592,-2.8469103436976546,0.8304629596640236,1,finbert_tone_summary_sentiment_df,60,5,30,neg_mean_absolute_error,"open,prev_high,prev_low,prev_close,positive,negative,neutral"
0,0.0011839628219604491,0.00014161876755904376,0.00046942234039306643,2.311146870225183e-05,{},-2.8935172045869364,-4.968499762355606,-3.626654081859533,-2.666183850200383,-1.296487697340939,-2.8388243542804275,-2.018146395485388,-3.275185078344714,-2.4023373404012545,-3.2360112747498304,-2.922184703960501,0.9333007723091024,1,finbert_whole_article_sentiment_df,60,5,0,neg_mean_absolute_error,"open,prev_high,prev_low,prev_close,positive,negative,neutral"
0,0.0011886358261108398,9.582506587637068e-05,0.0004792928695678711,2.1052252530504582e-05,{},-2.7458474692430057,-4.832182249562476,-3.3997645715064264,-2.6222956563039417,-1.3211975439889614,-2.90494692864018,-1.9698554510667805,-3.3581958302702675,-2.51867858635527,-4.370728936853903,-3.0043693223791217,0.9925346148807664,1,finbert_whole_article_sentiment_df,60,5,5,neg_mean_absolute_error,"open,prev_high,prev_low,prev_close,positive,negative,neutral"
0,0.0012294769287109375,9.390325717653416e-05,0.000484919548034668,1.719936823430856e-05,{},-2.5833767285927935,-4.158768746243595,-3.6729149662161604,-2.5761714200876726,-1.3563075318297706,-2.9155823808827277,-2.243636702763638,-3.2387064443098836,-1.9139170242184207,-3.0663220067338726,-2.7725703951878535,0.784437073968663,1,finbert_whole_article_sentiment_df,60,5,30,neg_mean_absolute_error,"open,prev_high,prev_low,prev_close,positive,negative,neutral"
0,0.0012403964996337891,0.0001036757482265366,0.0004915475845336914,1.8762209165111674e-05,{},-2.9823900081386627,-4.539593453019245,-4.127506528967115,-2.449450317785312,-1.0484940209792284,-2.548737451085253,-2.483678109381168,-3.764973959061126,-2.2922761487462595,-3.628420311748016,-2.986552030891139,0.9850277977774703,1,finbert_tone_whole_article_sentiment_df,60,5,0,neg_mean_absolute_error,"open,prev_high,prev_low,prev_close,positive,negative,neutral"
0,0.0012305259704589843,0.0001155690281615677,0.0005006790161132812,7.324318090400935e-05,{},-2.896402748310197,-4.594763582675336,-3.9219274916402354,-2.453288500148028,-1.239751041241874,-2.6510978061658306,-1.999928404857775,-3.9960189656272975,-2.5497347156329395,-4.744364689823101,-3.104727794612262,1.0977759807826397,1,finbert_tone_whole_article_sentiment_df,60,5,5,neg_mean_absolute_error,"open,prev_high,prev_low,prev_close,positive,negative,neutral"
0,0.0011855840682983398,0.00011505997877222582,0.00046868324279785155,1.870903874934063e-05,{},-2.533395969014441,-4.021756639919306,-3.9443921728631492,-2.783810956029265,-1.2526911841629726,-3.1843499823403705,-2.1904492549948826,-2.7124573292245486,-1.8680440289461557,-3.6981881450301386,-2.8189535662525227,0.8640867628041361,1,finbert_tone_whole_article_sentiment_df,60,5,30,neg_mean_absolute_error,"open,prev_high,prev_low,prev_close,positive,negative,neutral"
0,0.0011816024780273438,0.00010976191694050334,0.00048115253448486326,3.5504593241561694e-05,{},-2.8238126345214085,-4.9169095762084,-3.5636186885640315,-2.799334366923813,-1.2578712403813141,-2.3069435741000235,-1.7419259837203753,-3.166321852148303,-2.4326034662414715,-3.1237534512589265,-2.813309483406807,0.9580182827265559,1,bert_topic_article_sentiment_df,60,5,0,neg_mean_absolute_error,"open,prev_high,prev_low,prev_close,positive,negative,neutral"
0,0.0011771678924560546,0.00012538637762362888,0.00047864913940429685,2.5623997274316427e-05,{},-2.565023995145077,-4.9275936600913095,-3.6240763901521857,-2.7751341859878154,-1.1990719356053205,-2.487199748508101,-1.731238307644753,-3.3038401229086047,-2.253933190515363,-3.0205518355805907,-2.788766337213912,0.9830605231028425,1,bert_topic_article_sentiment_df,60,5,5,neg_mean_absolute_error,"open,prev_high,prev_low,prev_close,positive,negative,neutral"
0,0.001231217384338379,0.00011255374470988977,0.0004771709442138672,2.212627178304898e-05,{},-2.5624140637031076,-4.542822659304875,-3.405215969019719,-2.6880339576066716,-1.288009465987426,-2.993068120953558,-1.8798430380307138,-3.150521094537089,-1.942853209671864,-2.7094615381738096,-2.716224311698883,0.8624592386369863,1,bert_topic_article_sentiment_df,60,5,30,neg_mean_absolute_error,"open,prev_high,prev_low,prev_close,positive,negative,neutral"
0,0.0012645721435546875,0.00012738354612249316,0.0004930734634399414,3.0235095138385327e-05,{},-2.7000169037120942,-4.126712881077401,-3.09673962140605,-2.5753289265210695,-1.2759186881245115,-2.541112871485711,-1.8419207820694283,-3.3029599974131996,-1.6514685015770738,-3.1779671427730136,-2.6290146316159553,0.8148036525291571,1,finbert_summary_sentiment_df,252,5,0,neg_mean_absolute_error,"open,prev_high,prev_low,prev_close,positive,negative,neutral"
0,0.0012126445770263671,8.355234790224591e-05,0.0004850149154663086,2.9316577101118634e-05,{},-2.636318878931161,-4.116574810664133,-3.128108867705123,-2.554344436884276,-1.228602068303553,-2.506093323325149,-1.8628404602251976,-3.337190391578042,-1.651857817619566,-3.140981272983481,-2.616291232821968,0.8214430307976766,1,finbert_summary_sentiment_df,252,5,5,neg_mean_absolute_error,"open,prev_high,prev_low,prev_close,positive,negative,neutral"
0,0.0012434005737304687,0.0001039250040721172,0.0004872560501098633,2.546552626917085e-05,{},-2.6430777066261726,-4.006994658300937,-3.051415319321677,-2.4441350100762067,-1.2340301107829874,-2.511358478701186,-1.8681960171885295,-3.296504375923905,-1.641414039117444,-3.225719897975432,-2.592284561401448,0.800859723708166,1,finbert_summary_sentiment_df,252,5,30,neg_mean_absolute_error,"open,prev_high,prev_low,prev_close,positive,negative,neutral"
0,0.0012620449066162109,0.00013963165599969023,0.0004923820495605468,3.3758555394445025e-05,{},-2.7232639915237087,-4.243173105161986,-3.292883748643362,-2.3978509297459825,-1.5840405522329093,-2.4445510816216482,-1.9950293459882231,-3.120498137375762,-1.7984618683298321,-2.724775821183903,-2.6324528581807316,0.7467871364628881,1,finbert_tone_summary_sentiment_df,252,5,0,neg_mean_absolute_error,"open,prev_high,prev_low,prev_close,positive,negative,neutral"
0,0.001227092742919922,9.052322375924949e-05,0.00047473907470703126,1.4981643767525381e-05,{},-2.6709922706078943,-4.255003824424785,-3.321126761294363,-2.366453008364624,-1.5579095831712038,-2.391863523219945,-2.006003333282206,-3.192158563171688,-1.8506534765732794,-2.6881329341638773,-2.6300297278273863,0.7557560703724433,1,finbert_tone_summary_sentiment_df,252,5,5,neg_mean_absolute_error,"open,prev_high,prev_low,prev_close,positive,negative,neutral"
0,0.0011849164962768554,0.00013172070677065043,0.00048379898071289064,4.440603479871486e-05,{},-2.7207772977184503,-4.203447975023664,-3.2101522243341605,-2.319365863204439,-1.6015725901288533,-2.3176276325517393,-2.046590061302413,-3.1292125806983675,-1.944021250960941,-2.6847726706771935,-2.617754014660022,0.7165149165833689,1,finbert_tone_summary_sentiment_df,252,5,30,neg_mean_absolute_error,"open,prev_high,prev_low,prev_close,positive,negative,neutral"
0,0.0011342287063598633,0.00011177362278928178,0.0004589319229125977,1.6908718916878873e-05,{},-2.709252947958953,-4.154446257931386,-3.3017248509270987,-2.40874234729871,-1.427113316958355,-2.4896898044131945,-1.9644171970571733,-3.2458302526167473,-1.685579833662996,-2.893375556011347,-2.6280172364835956,0.7797765166203431,1,finbert_whole_article_sentiment_df,252,5,0,neg_mean_absolute_error,"open,prev_high,prev_low,prev_close,positive,negative,neutral"
0,0.0012313604354858398,0.00011513687400523914,0.00047872066497802737,2.1025882932042918e-05,{},-2.6457188478799707,-4.142877461015564,-3.3037100991547845,-2.394567128970061,-1.4086239710640485,-2.4612330953933226,-1.9750991318846558,-3.3028134697149993,-1.738057365273812,-2.9148855490188454,-2.6287586119370063,0.7795434588378635,1,finbert_whole_article_sentiment_df,252,5,5,neg_mean_absolute_error,"open,prev_high,prev_low,prev_close,positive,negative,neutral"
0,0.001248002052307129,0.00010553626075315377,0.000510263442993164,6.469160293593025e-05,{},-2.6873009845718796,-4.011946090656238,-3.2355656101928845,-2.3302529810364945,-1.440138584583042,-2.437831393106012,-1.9882712435832446,-3.259785438961444,-1.8259999747623397,-2.897907423693175,-2.6114999725146752,0.731131230309233,1,finbert_whole_article_sentiment_df,252,5,30,neg_mean_absolute_error,"open,prev_high,prev_low,prev_close,positive,negative,neutral"
0,0.00121614933013916,9.828291987139117e-05,0.0004805088043212891,1.5601103314027572e-05,{},-2.688856381019599,-4.163602124100663,-3.295990157551364,-2.387715371415948,-1.3326998195037276,-2.5102881382687885,-1.858689362520181,-3.3131118015799075,-1.6486425359347323,-2.732511333767934,-2.5932107025662847,0.8109600065791844,1,finbert_tone_whole_article_sentiment_df,252,5,0,neg_mean_absolute_error,"open,prev_high,prev_low,prev_close,positive,negative,neutral"
0,0.0011999368667602538,0.00012884469358087703,0.00047118663787841796,2.2648020727352222e-05,{},-2.646963789117899,-4.1605190927569655,-3.3393418295232435,-2.3803818206294407,-1.3267869239646188,-2.4954418277743344,-1.8851550632225098,-3.366942566191301,-1.6234127882892608,-2.7253883429345933,-2.595033404440417,0.8205297192476105,1,finbert_tone_whole_article_sentiment_df,252,5,5,neg_mean_absolute_error,"open,prev_high,prev_low,prev_close,positive,negative,neutral"
0,0.0012396812438964845,0.00010927996653862233,0.0004823923110961914,2.1473838755956873e-05,{},-2.6512874849487105,-4.07220819526907,-3.2283650035095035,-2.3629666250057824,-1.463554450128953,-2.4747829081769055,-1.898318163113578,-3.226938961928215,-1.6801982370824362,-2.7835440313323487,-2.58421640604955,0.7543795411499942,1,finbert_tone_whole_article_sentiment_df,252,5,30,neg_mean_absolute_error,"open,prev_high,prev_low,prev_close,positive,negative,neutral"
0,0.0012802362442016601,0.00011520123488633796,0.0005081415176391602,3.665092272919588e-05,{},-2.7248429271494388,-4.101450391943763,-3.3538821575151814,-2.5206052689909484,-1.478192258207764,-2.3940237100625383,-1.6054513838302682,-3.221892427181865,-1.8519824052475087,-2.7884295413905873,-2.6040752471519863,0.782061812574058,1,bert_topic_article_sentiment_df,252,5,0,neg_mean_absolute_error,"open,prev_high,prev_low,prev_close,positive,negative,neutral"
0,0.0012267351150512696,9.507516242644536e-05,0.00047366619110107423,1.7634934449032388e-05,{},-2.6418235031630957,-4.082783993085468,-3.3663429912635365,-2.4955725731978418,-1.460296357952575,-2.377619607248198,-1.6721170149710816,-3.3013586390635736,-1.7959863753343597,-2.753351050848596,-2.594725210612833,0.7854621994711164,1,bert_topic_article_sentiment_df,252,5,5,neg_mean_absolute_error,"open,prev_high,prev_low,prev_close,positive,negative,neutral"
0,0.0012568950653076172,9.948426544412062e-05,0.00047893524169921874,1.797960648414366e-05,{},-2.684911256295777,-4.073395602156109,-3.256157974455482,-2.4415513773670456,-1.4802681637184834,-2.422919097372096,-1.6431984857178576,-3.3280496802327435,-1.7099621157204639,-2.669567213816754,-2.5709980966852815,0.7844126598904584,1,bert_topic_article_sentiment_df,252,5,30,neg_mean_absolute_error,"open,prev_high,prev_low,prev_close,positive,negative,neutral"
0,0.0012669086456298829,9.221911059751271e-05,0.0004820823669433594,1.740063662352559e-05,{},-2.7672367487102747,-4.003438173846371,-3.09040169844684,-2.4622175656988476,-1.279587729951163,-2.5776636251628586,-1.4844332069324992,-3.049257196984854,-1.7482377485894176,-2.74944072449739,-2.521191441882052,0.7831421973743931,1,finbert_summary_sentiment_df,504,5,0,neg_mean_absolute_error,"open,prev_high,prev_low,prev_close,positive,negative,neutral"
0,0.0012948989868164062,0.00013752878923148666,0.0004921197891235351,1.902557853337319e-05,{},-2.741582961216318,-4.006503591004366,-3.085097891301848,-2.432668929132615,-1.251904400132935,-2.562098384425826,-1.481917928502935,-3.067820723377099,-1.745696993839374,-2.7707930689528437,-2.5146084871886165,0.7896497045299037,1,finbert_summary_sentiment_df,504,5,5,neg_mean_absolute_error,"open,prev_high,prev_low,prev_close,positive,negative,neutral"
0,0.0012523412704467773,0.00010840827773070975,0.00047681331634521487,2.5091661055542633e-05,{},-2.7807857686559148,-3.972080619966346,-3.0543704249655095,-2.4506203880910107,-1.2392356604500492,-2.571134648291081,-1.4720980958290966,-3.044878223489377,-1.7571230134208236,-2.7832692064673212,-2.512559604962653,0.7832125253442866,1,finbert_summary_sentiment_df,504,5,30,neg_mean_absolute_error,"open,prev_high,prev_low,prev_close,positive,negative,neutral"
0,0.0012636423110961915,0.00013197390981536304,0.0004936695098876953,7.21209068893596e-05,{},-2.745584472229166,-4.067917167051837,-3.1676562633685537,-2.3268536802763267,-1.4327122169901485,-2.564689228186853,-1.5869421283489829,-3.012630127875127,-1.8029803876313963,-2.532041590655717,-2.5240007262614106,0.7559944045908787,1,finbert_tone_summary_sentiment_df,504,5,0,neg_mean_absolute_error,"open,prev_high,prev_low,prev_close,positive,negative,neutral"
0,0.0012568950653076172,0.00013575248225756743,0.0004773855209350586,2.0205760071327583e-05,{},-2.7279723351853136,-4.073582689945124,-3.1538452389816483,-2.3038475593950354,-1.4127955738210403,-2.546480096383675,-1.5826423445671935,-3.020757640165448,-1.7687091216255795,-2.5318924564968257,-2.5122525056566887,0.7632386870606214,1,finbert_tone_summary_sentiment_df,504,5,5,neg_mean_absolute_error,"open,prev_high,prev_low,prev_close,positive,negative,neutral"
0,0.0012356042861938477,9.27067736197564e-05,0.00047838687896728516,1.9521299193798553e-05,{},-2.766448145893219,-4.030141731376989,-3.121175977953226,-2.3333547399720374,-1.4010911532580395,-2.5626570929773154,-1.5633998471867017,-3.022434115786018,-1.7712249182564848,-2.476764713032844,-2.504869243569287,0.7562445563548676,1,finbert_tone_summary_sentiment_df,504,5,30,neg_mean_absolute_error,"open,prev_high,prev_low,prev_close,positive,negative,neutral"
0,0.001321697235107422,0.00011364617158760697,0.0005127668380737304,6.224058910776814e-05,{},-2.7965320754140293,-3.995015165975451,-3.1642443138020324,-2.3816323418383036,-1.3756216264703767,-2.5408837003999225,-1.5557963668715957,-3.086884886578923,-1.7682736644750547,-2.696847701129241,-2.536173184295493,0.7642756740084035,1,finbert_whole_article_sentiment_df,504,5,0,neg_mean_absolute_error,"open,prev_high,prev_low,prev_close,positive,negative,neutral"
0,0.0012545585632324219,0.00011379976277661963,0.00047602653503417967,1.6331655265631767e-05,{},-2.7715144507253626,-3.9982887724158673,-3.1528495147034845,-2.3574465879546325,-1.3610034024734659,-2.539868902366527,-1.5537298695419168,-3.08713728687228,-1.7563885868572016,-2.705794015271317,-2.5284021389182056,0.767556234692075,1,finbert_whole_article_sentiment_df,504,5,5,neg_mean_absolute_error,"open,prev_high,prev_low,prev_close,positive,negative,neutral"
0,0.001256418228149414,8.876197861694704e-05,0.0004803180694580078,2.1831956872544194e-05,{},-2.7938365194752577,-3.9920053702380187,-3.1231279946044426,-2.3716420098219486,-1.3671805444900884,-2.5351948587301423,-1.531257450836597,-3.0521084961966607,-1.7605774693800413,-2.6213993679927854,-2.5148330081765984,0.7618577305058655,1,finbert_whole_article_sentiment_df,504,5,30,neg_mean_absolute_error,"open,prev_high,prev_low,prev_close,positive,negative,neutral"
0,0.0013175249099731446,0.00012162135543206248,0.0004967451095581055,4.561580498364475e-05,{},-2.7088719248303277,-4.027934473940786,-3.1213784007095455,-2.247780799868906,-1.255344262332801,-2.533056551655318,-1.5119586306371275,-3.150961883218952,-1.760672533199886,-2.6005350999764234,-2.4918494560370075,0.7958783033314337,1,finbert_tone_whole_article_sentiment_df,504,5,0,neg_mean_absolute_error,"open,prev_high,prev_low,prev_close,positive,negative,neutral"
0,0.0012646198272705078,0.0001237356042051412,0.0004836082458496094,2.4939130408740626e-05,{},-2.6985370105311177,-4.0364309514500745,-3.098888918140619,-2.2233070733152998,-1.2495114924368864,-2.5290815739270327,-1.5111535173386983,-3.142977471672566,-1.75529972473214,-2.607367751644233,-2.4852555485188668,0.7971825958646701,1,finbert_tone_whole_article_sentiment_df,504,5,5,neg_mean_absolute_error,"open,prev_high,prev_low,prev_close,positive,negative,neutral"
0,0.001227092742919922,0.00012137382901734988,0.0004822492599487305,4.382806011351291e-05,{},-2.717177458732749,-4.008041975836386,-3.072031875912944,-2.2373945700117472,-1.2731197891501325,-2.550262652369338,-1.510360398042667,-3.0981495112258925,-1.7366800280983625,-2.5583922437030195,-2.4761610503083236,0.7837635850389293,1,finbert_tone_whole_article_sentiment_df,504,5,30,neg_mean_absolute_error,"open,prev_high,prev_low,prev_close,positive,negative,neutral"
0,0.0012360334396362305,0.00015789773466089106,0.0005012750625610352,6.599624805137685e-05,{},-2.788562844370722,-4.0738773373014965,-3.1512919636429446,-2.4440777838377246,-1.3911754409077162,-2.501576889183974,-1.4199571058935248,-3.082433391902936,-1.7919236533346237,-2.474492077021034,-2.5119368487396696,0.7888903907382475,1,bert_topic_article_sentiment_df,504,5,0,neg_mean_absolute_error,"open,prev_high,prev_low,prev_close,positive,negative,neutral"
0,0.0012590885162353516,0.00014027727428461587,0.00048422813415527344,2.5436256842497267e-05,{},-2.7627687585403296,-4.077588505061795,-3.142084008766602,-2.4204376201677578,-1.3752725287887757,-2.4948744777004266,-1.421311779343796,-3.102381619216396,-1.7788223331739517,-2.4732136456235994,-2.504875527638343,0.7929994977682184,1,bert_topic_article_sentiment_df,504,5,5,neg_mean_absolute_error,"open,prev_high,prev_low,prev_close,positive,negative,neutral"
0,0.001291346549987793,0.00010153513920193882,0.000509953498840332,7.386702024756398e-05,{},-2.801511448396701,-4.048191017971476,-3.110013886270747,-2.4119944972156757,-1.379354302118952,-2.507090745142244,-1.4236823491953658,-3.07629545704595,-1.8085283719205507,-2.438020155617468,-2.500468223089513,0.7807760249211413,1,bert_topic_article_sentiment_df,504,5,30,neg_mean_absolute_error,"open,prev_high,prev_low,prev_close,positive,negative,neutral"
0,0.001331639289855957,8.373049027872533e-05,0.0005033969879150391,1.6122879029107346e-05,{},-2.949638408179817,-3.366767234196641,-3.918584074751743,-11.315953379305302,-3.1652769550380073,-5.469307741930192,-9.773857018533544,-11.514679511709256,-7.152914767847051,-7.634079235400077,-6.626105832689163,3.191873923330977,1,finbert_summary_sentiment_df,10,10,0,neg_mean_absolute_error,"open,prev_high,prev_low,prev_close,positive,negative,neutral"
0,0.0013795852661132812,0.00011753021297030447,0.0005228519439697266,4.3370561139129825e-05,{},-6.372466846003045,-4.377934814908622,-12.542442859965309,-16.71262092930283,-3.7037621093426423,-23.038217806576633,-12.093558183295295,-7.764780423507,-6.05187970779466,-7.187564219290641,-9.984522789998667,5.820669120959994,1,finbert_summary_sentiment_df,10,10,5,neg_mean_absolute_error,"open,prev_high,prev_low,prev_close,positive,negative,neutral"
0,0.001342439651489258,0.00010759142351366729,0.000505828857421875,4.736246133339196e-05,{},-17.87994353104248,-3.7336908782592104,-10.372904470920275,-4.425464704704109,-7.491293431367604,-4.865079317820346,-12.499230737709604,-2.423064464468348,-7.153387079279787,-13.929003083732914,-8.477306169930467,4.787964832424402,1,finbert_summary_sentiment_df,10,10,30,neg_mean_absolute_error,"open,prev_high,prev_low,prev_close,positive,negative,neutral"
0,0.0012541770935058593,0.0001142609293473842,0.0004805088043212891,2.142458590119723e-05,{},-3.242074022162001,-7.789091534517842,-2.953027727733388,-17.55717383501633,-3.714634171948137,-15.20548928394528,-9.874974869154993,-4.562756893645928,-6.895625752633327,-4.955404082189171,-7.675025217294641,4.842938886065214,1,finbert_tone_summary_sentiment_df,10,10,0,neg_mean_absolute_error,"open,prev_high,prev_low,prev_close,positive,negative,neutral"
0,0.0012269973754882812,8.217034674490232e-05,0.0005012035369873046,4.664905497983383e-05,{},-3.114072602086753,-3.234805501577148,-15.713871634241332,-10.058197622270564,-9.845412710535333,-15.942772260215133,-10.034768572774919,-7.4790230931258295,-9.806720481229059,-49.31199491671168,-13.454163939476775,12.62414495175125,1,finbert_tone_summary_sentiment_df,10,10,5,neg_mean_absolute_error,"open,prev_high,prev_low,prev_close,positive,negative,neutral"
0,0.001193094253540039,0.0001256744021015277,0.0004820823669433594,2.965796795891693e-05,{},-17.106414719639087,-2.4399469063848302,-4.840654716527387,-8.119749396224439,-18.933803351718904,-5.103200264034422,-13.348818826890419,-4.304571379301683,-9.185688948593452,-22.277801571030842,-10.566065008034546,6.5837445401219306,1,finbert_tone_summary_sentiment_df,10,10,30,neg_mean_absolute_error,"open,prev_high,prev_low,prev_close,positive,negative,neutral"
0,0.001592111587524414,0.00037586168070219173,0.0010091066360473633,0.001374438373808737,{},-2.6935164372659983,-2.9876553602632954,-3.0898776521960256,-8.943194316284837,-3.96864845996256,-5.501463027261911,-9.078128756753994,-4.372383657604042,-5.112003980315535,-3.5703425885561955,-4.931721423646439,2.2117138001190177,1,finbert_whole_article_sentiment_df,10,10,0,neg_mean_absolute_error,"open,prev_high,prev_low,prev_close,positive,negative,neutral"
0,0.0013410568237304688,0.00012271618966269428,0.0005371332168579102,9.545944364692891e-05,{},-10.40691775078688,-4.062719454579428,-14.991490615261137,-5.1653489982049905,-5.074425872288725,-4.567564755949934,-12.531461373910735,-6.176644307081096,-10.353876681356269,-8.061641158937482,-8.139209096835668,3.574377227745102,1,finbert_whole_article_sentiment_df,10,10,5,neg_mean_absolute_error,"open,prev_high,prev_low,prev_close,positive,negative,neutral"
0,0.001270151138305664,0.0001329006923175155,0.0005563020706176758,8.284358126431086e-05,{},-15.212625228772811,-9.998184665735607,-3.0855839620999546,-4.1247345614621285,-5.346529152455352,-3.763120551065424,-14.548109030075091,-3.227081271177667,-3.6595070549640014,-20.892492860258518,-8.385796833806655,6.077847243186072,1,finbert_whole_article_sentiment_df,10,10,30,neg_mean_absolute_error,"open,prev_high,prev_low,prev_close,positive,negative,neutral"
0,0.0012431621551513671,0.00016716532288606992,0.0004953145980834961,5.372668914662305e-05,{},-1.5836707911231371,-9.731804941844326,-2.903320017512294,-7.976131057643647,-3.9629566959729345,-5.999208420725625,-10.979379822999135,-3.703791660969807,-5.291435054834255,-5.587397500243094,-5.771909596386825,2.851197076057663,1,finbert_tone_whole_article_sentiment_df,10,10,0,neg_mean_absolute_error,"open,prev_high,prev_low,prev_close,positive,negative,neutral"
0,0.001260232925415039,8.218180174594708e-05,0.0004873514175415039,1.3621798844247664e-05,{},-3.0036835084556515,-3.60466273662972,-17.006705645498037,-9.688070493122813,-5.9239361107206605,-5.005736829307739,-4.704190898166234,-5.8834586050270214,-9.584444881384389,-23.636080273052084,-8.804096998136435,6.303982924313003,1,finbert_tone_whole_article_sentiment_df,10,10,5,neg_mean_absolute_error,"open,prev_high,prev_low,prev_close,positive,negative,neutral"
0,0.0012341976165771485,0.00013813686071606281,0.0005023956298828125,4.066833954610534e-05,{},-15.154617795687958,-10.800011137732588,-3.378998147178618,-4.239729522585142,-9.463564484665607,-4.897816756065675,-11.56682552944317,-3.980547706665311,-3.1241497813588808,-23.56876926726966,-9.017503012865259,6.252784030947368,1,finbert_tone_whole_article_sentiment_df,10,10,30,neg_mean_absolute_error,"open,prev_high,prev_low,prev_close,positive,negative,neutral"
0,0.001282954216003418,9.397016278359321e-05,0.000496983528137207,3.3421021140923394e-05,{},-1.7990848395516081,-4.133277526174789,-3.886406380135304,-5.465426714213845,-6.159531210758371,-5.192738911264859,-7.608019582498036,-2.4783166005255337,-5.20780957638267,-5.197843173237004,-4.712845451474203,1.6203037402872418,1,bert_topic_article_sentiment_df,10,10,0,neg_mean_absolute_error,"open,prev_high,prev_low,prev_close,positive,negative,neutral"
0,0.0012471437454223632,0.00013120109419997077,0.00047910213470458984,2.1606367207543587e-05,{},-6.262070350269982,-4.512315808176413,-21.629499953153573,-6.742855242964401,-7.393635171598499,-7.2524281196850096,-2.9253310680773668,-9.059418093492036,-10.421174795482012,-7.26449877217583,-8.346322737507512,4.853172683415691,1,bert_topic_article_sentiment_df,10,10,5,neg_mean_absolute_error,"open,prev_high,prev_low,prev_close,positive,negative,neutral"
0,0.0012438774108886718,9.985104444268483e-05,0.0004782676696777344,1.6113286442828065e-05,{},-16.93102288621308,-6.029395690431011,-3.212940651039639,-6.15545984888688,-13.71112230512963,-4.85197413032206,-10.346894506738,-4.257812522313236,-2.1885892237414737,-10.550629254961814,-7.823584101977683,4.604026082013924,1,bert_topic_article_sentiment_df,10,10,30,neg_mean_absolute_error,"open,prev_high,prev_low,prev_close,positive,negative,neutral"
0,0.0012780189514160155,8.158802218890091e-05,0.0004987716674804688,2.066499137511812e-05,{},-1.3891427065973403,-3.079867642299905,-3.3407932099816664,-4.6167127659338805,-3.299421116334463,-3.5184306544498214,-4.4558895854495635,-3.3805795975558794,-2.5045239517769913,-3.0214861597695744,-3.2606847390149083,0.8672030754584789,1,finbert_summary_sentiment_df,20,10,0,neg_mean_absolute_error,"open,prev_high,prev_low,prev_close,positive,negative,neutral"
0,0.0012511968612670898,0.00010230387875668401,0.0004931211471557618,3.313778964673187e-05,{},-1.5268083787780455,-3.3011008881163435,-3.2629169906846984,-2.146903213695532,-5.201784211793187,-3.0938410824125357,-4.339753633773293,-2.0042527887230106,-2.4128594034917343,-6.279279091750391,-3.356949968321877,1.4326632396795467,1,finbert_summary_sentiment_df,20,10,5,neg_mean_absolute_error,"open,prev_high,prev_low,prev_close,positive,negative,neutral"
0,0.0012013435363769532,0.00012040170348473985,0.00047864913940429685,2.2649815207977897e-05,{},-6.33755687421783,-3.748518015664149,-2.75639799099813,-2.290990851392894,-3.8520794567085885,-3.9288948427077686,-5.4981267710958495,-2.5278251589772625,-4.078742252674192,-3.7504329635920386,-3.8769565178028698,1.197930700571034,1,finbert_summary_sentiment_df,20,10,30,neg_mean_absolute_error,"open,prev_high,prev_low,prev_close,positive,negative,neutral"
0,0.0012539148330688477,0.00010185508744617985,0.00048825740814208987,1.8815274642934065e-05,{},-0.9553986083468715,-3.214849967643249,-3.2829327679567997,-3.5575561995061435,-3.6244740399180726,-4.1171703281424925,-2.978259700573767,-2.903325707244585,-2.51446340039829,-6.461218897401613,-3.3609649617131887,1.3106546518319364,1,finbert_tone_summary_sentiment_df,20,10,0,neg_mean_absolute_error,"open,prev_high,prev_low,prev_close,positive,negative,neutral"
0,0.0012040376663208009,0.00012722648273507593,0.0004843473434448242,3.8359504465019084e-05,{},-1.1107010129034278,-3.484210161035526,-3.4893713572399063,-2.6360254036952937,-7.394067939539582,-4.013689631532907,-2.9552342699961627,-3.1888468905512126,-2.9034861261791773,-7.315535138715745,-3.8491167931388945,1.8966313294149235,1,finbert_tone_summary_sentiment_df,20,10,5,neg_mean_absolute_error,"open,prev_high,prev_low,prev_close,positive,negative,neutral"
0,0.0012155771255493164,0.0001305319511538179,0.00047070980072021483,1.3584022774573943e-05,{},-6.392726200902689,-2.0970170877371856,-2.4239460641588266,-1.8855087365886647,-3.3948264751789226,-4.156406771616093,-5.93966796109562,-2.3244057572042807,-2.4916890739276822,-3.252812213939433,-3.4359006342349403,1.5137152433829266,1,finbert_tone_summary_sentiment_df,20,10,30,neg_mean_absolute_error,"open,prev_high,prev_low,prev_close,positive,negative,neutral"
0,0.0012442827224731444,0.00010558322830707416,0.00048437118530273435,2.005728091488138e-05,{},-1.4645330339825022,-3.1452861490909867,-3.457710029061167,-5.916261754334732,-3.8342044310476924,-4.677099829199529,-2.891267400236086,-2.824046928512786,-2.917131613976937,-4.383385923660444,-3.5510927093102866,1.163089984974492,1,finbert_whole_article_sentiment_df,20,10,0,neg_mean_absolute_error,"open,prev_high,prev_low,prev_close,positive,negative,neutral"
0,0.0012355327606201171,0.00011979805511441772,0.0004961013793945313,4.653339465690795e-05,{},-1.4533946427457862,-3.119658368637647,-3.662771466827104,-1.9335281765365948,-5.633534038657965,-3.6953644521205917,-2.6693998617016406,-2.597532344218348,-2.4697705646710175,-6.528115836845947,-3.3763069752962642,1.5161107993453704,1,finbert_whole_article_sentiment_df,20,10,5,neg_mean_absolute_error,"open,prev_high,prev_low,prev_close,positive,negative,neutral"
0,0.0012099504470825194,0.000102892213804733,0.0004795074462890625,1.960021143488331e-05,{},-4.904025587900162,-3.049982888591694,-2.5744958910326092,-2.1923824191611403,-3.0212188788894423,-3.7896724057221944,-8.384798575389425,-2.087757036351627,-2.8306378674299366,-3.51346987033246,-3.634844142080069,1.7656571381764679,1,finbert_whole_article_sentiment_df,20,10,30,neg_mean_absolute_error,"open,prev_high,prev_low,prev_close,positive,negative,neutral"
0,0.00125732421875,0.00010224589590451538,0.0004887580871582031,2.1399578290855208e-05,{},-1.0372160113286555,-3.5720416927752696,-3.073657625831646,-4.540708742346465,-3.900665256894581,-4.5718322739356605,-2.7955829834243104,-2.219451451117334,-5.35048838658704,-7.137228911600005,-3.8198873335840964,1.6251512188094421,1,finbert_tone_whole_article_sentiment_df,20,10,0,neg_mean_absolute_error,"open,prev_high,prev_low,prev_close,positive,negative,neutral"
0,0.0011839866638183594,0.00014067868006112795,0.0004757881164550781,1.3738869327785076e-05,{},-1.2934682770764254,-2.8716948410246004,-3.424751222283555,-1.6033616147318668,-6.959259814353288,-3.706707406848591,-2.979830312506465,-1.6087443364059255,-4.0005684038762865,-12.26404391783467,-4.071243014694167,3.1387725111342206,1,finbert_tone_whole_article_sentiment_df,20,10,5,neg_mean_absolute_error,"open,prev_high,prev_low,prev_close,positive,negative,neutral"
0,0.0012322187423706055,0.0001114855090971816,0.0004839897155761719,1.6241188407308546e-05,{},-5.905967831328255,-2.9795038032568755,-2.6276301652514746,-2.124733846010622,-3.2007291306977663,-3.8863765490252264,-7.500428798967607,-3.0557392445656206,-2.255610808909205,-4.127995811778737,-3.766471598979139,1.624328900569915,1,finbert_tone_whole_article_sentiment_df,20,10,30,neg_mean_absolute_error,"open,prev_high,prev_low,prev_close,positive,negative,neutral"
0,0.0011890172958374024,9.069590975977137e-05,0.00048439502716064454,3.7996928350589754e-05,{},-1.185554215672346,-3.6675887375659784,-3.4696533304307193,-3.1194644842502326,-5.078215671488328,-3.97938953697784,-3.1062625595304327,-2.365431385388456,-3.323828272132596,-3.916933743271238,-3.3212321936708165,0.9787041717504138,1,bert_topic_article_sentiment_df,20,10,0,neg_mean_absolute_error,"open,prev_high,prev_low,prev_close,positive,negative,neutral"
0,0.001236104965209961,0.00017794998631219508,0.0004854917526245117,2.9392292327764245e-05,{},-1.260396106997979,-3.6263606693803183,-3.769315065138744,-1.7340535165069468,-6.110876081872902,-3.6513584254698914,-3.0442595459818222,-2.846052146607826,-2.860659762229571,-4.3816013141741,-3.32849326343601,1.288008224249652,1,bert_topic_article_sentiment_df,20,10,5,neg_mean_absolute_error,"open,prev_high,prev_low,prev_close,positive,negative,neutral"
0,0.0011984348297119141,0.0001253982093972629,0.000481104850769043,3.052567024530958e-05,{},-2.574303817141754,-1.9408191078057655,-2.4847182630260933,-2.1280183765928884,-5.565210330810248,-4.14070390052234,-5.8550093123568105,-3.0189891595670018,-2.0674510863836417,-4.322765206667782,-3.409798856087433,1.3893128178364982,1,bert_topic_article_sentiment_df,20,10,30,neg_mean_absolute_error,"open,prev_high,prev_low,prev_close,positive,negative,neutral"
0,0.0012157678604125977,0.00010180088332979323,0.0004973173141479492,4.760239939338566e-05,{},-1.244149286010952,-2.7681391234220656,-2.8365965937245163,-1.8620605329757836,-3.249600922954232,-3.841501384007279,-3.1007477737001863,-1.9641007824520442,-3.210773540144106,-2.9858103566509184,-2.706348029604208,0.7412390057582543,1,finbert_summary_sentiment_df,60,10,0,neg_mean_absolute_error,"open,prev_high,prev_low,prev_close,positive,negative,neutral"
0,0.0012291431427001952,0.00010369521036707204,0.0004840850830078125,2.3569506519646502e-05,{},-2.176010885655887,-2.901970626319371,-2.608498042123665,-1.8047141484099938,-3.225624081381375,-3.6139184942766405,-3.1188722639584796,-2.0184767310145846,-2.811558681143521,-3.2486453679331904,-2.7528289322216706,0.5623406296264556,1,finbert_summary_sentiment_df,60,10,5,neg_mean_absolute_error,"open,prev_high,prev_low,prev_close,positive,negative,neutral"
0,0.0012695789337158203,9.836157787038856e-05,0.0004892826080322265,1.938705187630859e-05,{},-1.8264759362054974,-2.1454384016854418,-2.6272306138122987,-2.0858473753643465,-2.7686272155357985,-3.5064294595566254,-2.976991990857141,-2.018854095238294,-2.5997361198861655,-2.7145721594307815,-2.527020336757239,0.485780785470366,1,finbert_summary_sentiment_df,60,10,30,neg_mean_absolute_error,"open,prev_high,prev_low,prev_close,positive,negative,neutral"
0,0.0012587547302246095,0.00010110860544651929,0.0004822254180908203,2.2737983763811328e-05,{},-1.3487778717955734,-2.6968069151594136,-2.720465663705545,-1.5574390330851202,-2.866820116262852,-3.986825015415161,-3.1052615039512146,-2.056674103405476,-2.7466539597751307,-3.051360840967118,-2.6137085023522606,0.7378819225469292,1,finbert_tone_summary_sentiment_df,60,10,0,neg_mean_absolute_error,"open,prev_high,prev_low,prev_close,positive,negative,neutral"
0,0.0012409448623657226,0.00011270459814938358,0.0004796743392944336,1.2338685517538467e-05,{},-2.5759890685534628,-2.84050351616379,-2.6366203162132478,-1.6048001432674937,-2.833304918759859,-3.823724438251884,-3.0826922914612624,-2.1421810464863484,-2.6617801073201237,-2.9511689859958095,-2.715276483247328,0.5512671547741643,1,finbert_tone_summary_sentiment_df,60,10,5,neg_mean_absolute_error,"open,prev_high,prev_low,prev_close,positive,negative,neutral"
0,0.001167154312133789,0.00012137319208224517,0.00047252178192138674,2.0430802952561187e-05,{},-2.1093527677294333,-2.382805939026002,-2.7455716289117844,-1.9370417131585782,-2.6639454677630057,-3.5785103759164487,-3.0899467164239467,-2.1275550397039753,-2.3572544257631307,-3.013851332046852,-2.600583540644316,0.49026842582527097,1,finbert_tone_summary_sentiment_df,60,10,30,neg_mean_absolute_error,"open,prev_high,prev_low,prev_close,positive,negative,neutral"
0,0.0012318849563598632,0.0001488375390878457,0.0004881381988525391,4.252376992324954e-05,{},-1.6101790268657907,-2.778534222300709,-2.784512708363377,-1.7094292765229568,-2.922839107893336,-3.862849727074706,-3.1244748690817374,-2.1007173129905596,-2.6881711128778276,-3.3865331386275783,-2.696824050259858,0.67785045174233,1,finbert_whole_article_sentiment_df,60,10,0,neg_mean_absolute_error,"open,prev_high,prev_low,prev_close,positive,negative,neutral"
0,0.0012031316757202149,0.00013019898897073556,0.0004764556884765625,2.3104519476903267e-05,{},-2.1597473441112016,-3.012684644238618,-2.800556216858604,-1.8707772982043935,-2.9029844688202417,-3.676684880974153,-2.985886945155477,-2.2353043651705264,-2.565977330392184,-3.5378624796401965,-2.77484659735656,0.5517346617717936,1,finbert_whole_article_sentiment_df,60,10,5,neg_mean_absolute_error,"open,prev_high,prev_low,prev_close,positive,negative,neutral"
0,0.0012643098831176757,0.00012479054593247688,0.0004973411560058594,2.7672582126091185e-05,{},-1.8897832334982467,-2.56177284935944,-2.752288365411175,-2.434270519591473,-2.6125131534387607,-3.3885182624374464,-3.1167327162407874,-2.0589142932786104,-2.638144322558489,-2.727133219644114,-2.618007093545854,0.4186414383862809,1,finbert_whole_article_sentiment_df,60,10,30,neg_mean_absolute_error,"open,prev_high,prev_low,prev_close,positive,negative,neutral"
0,0.0012360334396362305,0.00010351903256974704,0.0004995822906494141,6.32454165098281e-05,{},-1.185199186373211,-2.8649739439154245,-2.633418682272958,-1.771412188030024,-2.892503504731485,-3.788576795406999,-3.2903975145575712,-1.8497959135725295,-3.2398485375042325,-3.51832041928468,-2.7034446685649116,0.8026821071133667,1,finbert_tone_whole_article_sentiment_df,60,10,0,neg_mean_absolute_error,"open,prev_high,prev_low,prev_close,positive,negative,neutral"
0,0.0011438608169555664,0.00013855094434265765,0.00045695304870605467,1.630204360179435e-05,{},-1.8900062447133679,-3.058697179325145,-2.5682048952945706,-1.8498587944165195,-2.9066630966488334,-3.674362590024606,-3.21941095220742,-2.0971331662191233,-2.6915186395981068,-3.741553098394229,-2.7697408656841924,0.647028494334015,1,finbert_tone_whole_article_sentiment_df,60,10,5,neg_mean_absolute_error,"open,prev_high,prev_low,prev_close,positive,negative,neutral"
0,0.0011564016342163086,0.00012559179499147007,0.0004872322082519531,7.908421537029293e-05,{},-1.888910043410715,-2.533970750896927,-2.7372218253637755,-2.1431360304738973,-2.7043729322012724,-3.4257374138017043,-3.3040434135438774,-2.051736847175391,-2.324193001733414,-3.1177579322601163,-2.623108019086109,0.5064950023232955,1,finbert_tone_whole_article_sentiment_df,60,10,30,neg_mean_absolute_error,"open,prev_high,prev_low,prev_close,positive,negative,neutral"
0,0.0012433290481567382,0.0001321931350225456,0.0004836082458496094,2.4574283042038204e-05,{},-1.7221793735712794,-2.5361084338146243,-2.8369663539889074,-1.8173310246060055,-2.965385792324625,-3.8757031473063592,-3.169376437275923,-1.8725354944447077,-2.52288305331449,-2.726577650911031,-2.6045046761557957,0.6387065365198521,1,bert_topic_article_sentiment_df,60,10,0,neg_mean_absolute_error,"open,prev_high,prev_low,prev_close,positive,negative,neutral"
0,0.0012586116790771484,0.00011616065384438261,0.0004842996597290039,2.4343470967425422e-05,{},-2.752979691896536,-2.7020599562752325,-2.782541844804288,-1.7748755335557918,-2.9916471159965,-3.6229813451813753,-3.11448181742619,-1.9685076884810315,-2.524088572168034,-2.7460298571855675,-2.6980193422970546,0.5042154952484011,1,bert_topic_article_sentiment_df,60,10,5,neg_mean_absolute_error,"open,prev_high,prev_low,prev_close,positive,negative,neutral"
0,0.0011842489242553712,9.116026892354042e-05,0.0004796743392944336,2.029485551289637e-05,{},-2.0615532795024594,-2.4195993950666606,-2.910064635105061,-1.9545113103890117,-2.841832376650655,-3.6025194982942965,-3.0351377799980583,-2.0806420849817386,-2.5173714139549985,-2.379227387548428,-2.5802459161491367,0.4908703027395874,1,bert_topic_article_sentiment_df,60,10,30,neg_mean_absolute_error,"open,prev_high,prev_low,prev_close,positive,negative,neutral"
0,0.0012128114700317382,0.00011762715678778968,0.000477290153503418,2.7909122449005406e-05,{},-1.3057059669384217,-2.3573667849313096,-2.798377630013056,-1.801237885174578,-2.7020771849209266,-3.4082958571881137,-2.8255420291451627,-1.8910060057248301,-2.589555586823735,-2.3962248872802774,-2.407538981814041,0.5744534013843203,1,finbert_summary_sentiment_df,252,10,0,neg_mean_absolute_error,"open,prev_high,prev_low,prev_close,positive,negative,neutral"
0,0.0012518405914306641,9.548378045968366e-05,0.0004895210266113281,3.600575247842936e-05,{},-1.32005898808884,-2.365575914462261,-2.7749411755963593,-1.8129769209846018,-2.67276742938202,-3.337925783807259,-2.8002004864209993,-1.8752693890159207,-2.5730614369656903,-2.4388272027566016,-2.3971604727480553,0.5544024946474322,1,finbert_summary_sentiment_df,252,10,5,neg_mean_absolute_error,"open,prev_high,prev_low,prev_close,positive,negative,neutral"
0,0.0012117147445678711,0.000124678740871726,0.0004912853240966797,4.735670012507191e-05,{},-1.327167431952057,-2.339371931216374,-2.753991610375033,-1.845472842777599,-2.6152241142577624,-3.3991393954693194,-2.7459268813384368,-1.8802053622938728,-2.5633010085628483,-2.4198466503256895,-2.3889647228568993,0.5520644952512163,1,finbert_summary_sentiment_df,252,10,30,neg_mean_absolute_error,"open,prev_high,prev_low,prev_close,positive,negative,neutral"
0,0.0012273788452148438,0.00011402082826012789,0.00047702789306640624,2.4953622459115647e-05,{},-1.3050809009182558,-2.3743247241480274,-2.7529013932164164,-1.8530161790391504,-2.4266044780029916,-3.4891339079742467,-2.8296683785039933,-1.987952037726427,-2.593593954579956,-2.243297401246855,-2.3855573355356325,0.5678472568955304,1,finbert_tone_summary_sentiment_df,252,10,0,neg_mean_absolute_error,"open,prev_high,prev_low,prev_close,positive,negative,neutral"
0,0.0013230800628662109,9.708562626703877e-05,0.0004988431930541993,2.0279893307803834e-05,{},-1.3134760944161825,-2.3698366506674575,-2.740647239816826,-1.8525163203426929,-2.398631052422934,-3.447843979886784,-2.817481452700849,-1.9921563604961192,-2.585761388348419,-2.249830803583245,-2.376818134268151,0.5556539495346825,1,finbert_tone_summary_sentiment_df,252,10,5,neg_mean_absolute_error,"open,prev_high,prev_low,prev_close,positive,negative,neutral"
0,0.001197218894958496,0.0001305123968556589,0.00048351287841796875,4.575823384981211e-05,{},-1.3205789938745511,-2.3101971855348893,-2.748648094699638,-1.8773594358242918,-2.309956169449106,-3.5203471695585904,-2.7590660097108413,-1.9591554810112939,-2.56170804192825,-2.3176092557685477,-2.368462583736,0.5636907403473812,1,finbert_tone_summary_sentiment_df,252,10,30,neg_mean_absolute_error,"open,prev_high,prev_low,prev_close,positive,negative,neutral"
0,0.001207423210144043,0.00012885830760863727,0.0004686117172241211,2.106094509336179e-05,{},-1.3318607643578388,-2.3611951218003697,-2.7351339365607488,-1.9170124018658499,-2.5250570748444376,-3.4260652044872586,-2.8481459899485797,-1.9441732061758388,-2.6336153333860866,-2.300232691340921,-2.4022491724767927,0.550414393242165,1,finbert_whole_article_sentiment_df,252,10,0,neg_mean_absolute_error,"open,prev_high,prev_low,prev_close,positive,negative,neutral"
0,0.0011951208114624023,0.00013173622421659177,0.00046825408935546875,2.1341859025115e-05,{},-1.3345924882311464,-2.364059745072814,-2.7296485087198334,-1.9193354776564093,-2.479712901237235,-3.356529609177426,-2.823051468051898,-1.9451491635101263,-2.6157261789987274,-2.331148234730904,-2.3898953775386516,0.5323075778407735,1,finbert_whole_article_sentiment_df,252,10,5,neg_mean_absolute_error,"open,prev_high,prev_low,prev_close,positive,negative,neutral"
0,0.0012532949447631836,0.0001244264992280594,0.0005069255828857421,6.26567291878327e-05,{},-1.3339839502862105,-2.321863235400474,-2.7269315860356413,-1.9456120377814385,-2.4481711500328176,-3.4034742679137935,-2.7786144843869067,-1.9427908444673676,-2.6055384976855747,-2.363598188270623,-2.3870578242260843,0.5347349462049231,1,finbert_whole_article_sentiment_df,252,10,30,neg_mean_absolute_error,"open,prev_high,prev_low,prev_close,positive,negative,neutral"
0,0.0012639760971069336,8.825721562259865e-05,0.0005096673965454101,5.8114209541031526e-05,{},-1.26016075278701,-2.3720907096360406,-2.711806688339098,-1.9260514220057388,-2.499729085628792,-3.424687736888282,-2.8381859890904026,-1.914070823639031,-2.612815964355741,-2.1870154394346626,-2.3746614611804797,0.5651690649534732,1,finbert_tone_whole_article_sentiment_df,252,10,0,neg_mean_absolute_error,"open,prev_high,prev_low,prev_close,positive,negative,neutral"
0,0.0011902570724487305,0.00012323298232240452,0.0004718542098999023,2.2817654523145235e-05,{},-1.2811557650265115,-2.3812046610525157,-2.709772890198778,-1.9325035563443662,-2.458906114891056,-3.384289751694746,-2.8648394359110085,-1.9248152368973819,-2.5955754601551915,-2.2058252599183334,-2.3738888132089895,0.5522667843264246,1,finbert_tone_whole_article_sentiment_df,252,10,5,neg_mean_absolute_error,"open,prev_high,prev_low,prev_close,positive,negative,neutral"
0,0.001230907440185547,0.00012145847418189046,0.00047898292541503906,3.1616497107539936e-05,{},-1.2879459756864322,-2.3294272913130727,-2.725002056718529,-1.9467505206653073,-2.412650039794124,-3.4275448134277893,-2.7868858452886203,-1.9755632024336962,-2.5476017193220257,-2.220258623950815,-2.3659630088600414,0.5459899055171519,1,finbert_tone_whole_article_sentiment_df,252,10,30,neg_mean_absolute_error,"open,prev_high,prev_low,prev_close,positive,negative,neutral"
0,0.0011835575103759765,8.737263833603508e-05,0.00047500133514404296,2.0479045700159716e-05,{},-1.3694336534544618,-2.376393088395821,-2.7287160927199237,-1.857631848030087,-2.3825959624447934,-3.4038134601174534,-2.9247273653565116,-1.927905932727981,-2.453405011446921,-2.3026667280480524,-2.3727289142742007,0.5455168633732157,1,bert_topic_article_sentiment_df,252,10,0,neg_mean_absolute_error,"open,prev_high,prev_low,prev_close,positive,negative,neutral"
0,0.001241302490234375,0.00013852879409822285,0.0004780292510986328,1.8003997103750922e-05,{},-1.3888546249970204,-2.3924832862022414,-2.7088034310966806,-1.8615640530650353,-2.3634930437563755,-3.348624711854086,-2.916327190611901,-1.933904982368358,-2.4836185790916714,-2.2476430114776123,-2.364531691452098,0.5301347888050866,1,bert_topic_article_sentiment_df,252,10,5,neg_mean_absolute_error,"open,prev_high,prev_low,prev_close,positive,negative,neutral"
0,0.001216292381286621,0.00011842216263550321,0.000494837760925293,5.04068132481136e-05,{},-1.3915694693966998,-2.400893015231941,-2.6807715466909485,-1.867257404767588,-2.349086904941146,-3.438387595284337,-2.8409020465306525,-1.9604701323753033,-2.4664864616257547,-2.191652716712497,-2.358747729355687,0.5365457919779906,1,bert_topic_article_sentiment_df,252,10,30,neg_mean_absolute_error,"open,prev_high,prev_low,prev_close,positive,negative,neutral"
0,0.001299428939819336,0.0001310085599252078,0.000488901138305664,2.719209623391277e-05,{},-1.212681549300214,-2.3457945664397357,-2.74265818201834,-1.8976760491009828,-2.3585631999996624,-3.3868701698573203,-2.7615353137897274,-1.9208430571884947,-2.2761269651547993,-2.2595154087711307,-2.3162264461620405,0.5552689959982086,1,finbert_summary_sentiment_df,504,10,0,neg_mean_absolute_error,"open,prev_high,prev_low,prev_close,positive,negative,neutral"
0,0.0012119293212890625,0.0001251570740589641,0.0004741668701171875,2.3074632435830088e-05,{},-1.2171821723398808,-2.357865251047406,-2.7206248405695077,-1.8995822746637259,-2.350562273742116,-3.349510751374828,-2.7523526195584056,-1.9123989202868414,-2.2657751984013883,-2.2668086250920623,-2.3092662927076164,0.5452892497790285,1,finbert_summary_sentiment_df,504,10,5,neg_mean_absolute_error,"open,prev_high,prev_low,prev_close,positive,negative,neutral"
0,0.0012783765792846679,0.00010155548174490578,0.000497746467590332,4.890464885504385e-05,{},-1.2349464630979583,-2.3170692065218192,-2.702126685611984,-1.867326164874021,-2.310931227404035,-3.392873854679601,-2.748306331727599,-1.903301611041479,-2.2534086841633325,-2.266719083972839,-2.2997009313094665,0.5513312363424612,1,finbert_summary_sentiment_df,504,10,30,neg_mean_absolute_error,"open,prev_high,prev_low,prev_close,positive,negative,neutral"
0,0.001227426528930664,0.00010769944379253614,0.00048308372497558595,1.3666938232093562e-05,{},-1.2413969737741808,-2.2744433544812184,-2.757153642424987,-1.9439040374015348,-2.320650751141102,-3.409583581087145,-2.7357519113817945,-1.9895961566869118,-2.3038498842572155,-2.167436422064111,-2.31437667147002,0.5468492282852444,1,finbert_tone_summary_sentiment_df,504,10,0,neg_mean_absolute_error,"open,prev_high,prev_low,prev_close,positive,negative,neutral"
0,0.0013800621032714843,0.00016732300812230392,0.0005306482315063476,9.125348011808566e-05,{},-1.2435645304805802,-2.27762323730276,-2.7433667516370406,-1.942308485023159,-2.309668959298051,-3.3740049262706178,-2.732767657124259,-1.9888081410740597,-2.3001238409901363,-2.1406970469561655,-2.305293357615683,0.5388765587302718,1,finbert_tone_summary_sentiment_df,504,10,5,neg_mean_absolute_error,"open,prev_high,prev_low,prev_close,positive,negative,neutral"
0,0.0011759281158447265,0.00010497858919426679,0.00046401023864746095,1.3202362889196284e-05,{},-1.2580558891001146,-2.224627434594231,-2.7393560260793945,-1.9288095416175566,-2.2966795633115,-3.4128836796801125,-2.722939730750568,-1.9830254387819424,-2.281416625520842,-2.12452856227801,-2.2972322491714268,0.5450757368313969,1,finbert_tone_summary_sentiment_df,504,10,30,neg_mean_absolute_error,"open,prev_high,prev_low,prev_close,positive,negative,neutral"
0,0.0012480497360229492,0.0001316502856869432,0.00047883987426757815,2.0771773161139412e-05,{},-1.330470086449577,-2.320653975763412,-2.7589865239016094,-1.9668228051001848,-2.3760990651212865,-3.3974104239149483,-2.7608454508783327,-1.9577452644184519,-2.321466826871938,-2.237033839873186,-2.342753426229293,0.5280014260960777,1,finbert_whole_article_sentiment_df,504,10,0,neg_mean_absolute_error,"open,prev_high,prev_low,prev_close,positive,negative,neutral"
0,0.0012508630752563477,0.00010762095556331094,0.00047981739044189453,1.4776278760747127e-05,{},-1.3276804507962736,-2.318773728311413,-2.7577246144801846,-1.9654416472479113,-2.3551779595745073,-3.358687142677695,-2.7542635942384095,-1.9575753236159812,-2.312421885045251,-2.2224270505514596,-2.3330173396539085,0.5205710745529997,1,finbert_whole_article_sentiment_df,504,10,5,neg_mean_absolute_error,"open,prev_high,prev_low,prev_close,positive,negative,neutral"
0,0.001251220703125,0.00015253174016886556,0.00047109127044677737,1.4370312729556057e-05,{},-1.3045823248142825,-2.275886328853011,-2.7469911011510417,-1.960645664394741,-2.29008655140816,-3.4057471223037963,-2.745400471389553,-1.9598725341688237,-2.2810889405384502,-2.1987656745074333,-2.316906671352929,0.5339467329377574,1,finbert_whole_article_sentiment_df,504,10,30,neg_mean_absolute_error,"open,prev_high,prev_low,prev_close,positive,negative,neutral"
0,0.001244807243347168,8.92398193685944e-05,0.00048007965087890623,1.121895591302308e-05,{},-1.2694418265966305,-2.3953752702823294,-2.7573310015126027,-1.9492478170764116,-2.3553478128230383,-3.3726514381402013,-2.6723427370124226,-1.892212918129917,-2.3274680511548467,-2.1840201424220593,-2.317543901515046,0.536006266025781,1,finbert_tone_whole_article_sentiment_df,504,10,0,neg_mean_absolute_error,"open,prev_high,prev_low,prev_close,positive,negative,neutral"
0,0.0012590885162353516,8.507274711363627e-05,0.00048627853393554685,2.3923068020451343e-05,{},-1.2594417457080227,-2.388006474675785,-2.7583117701358333,-1.9467526431803435,-2.3370417608929075,-3.3356897621614054,-2.6693520774140778,-1.900370464932348,-2.3148607199669184,-2.1801239723236447,-2.308995139139129,0.5300256663141601,1,finbert_tone_whole_article_sentiment_df,504,10,5,neg_mean_absolute_error,"open,prev_high,prev_low,prev_close,positive,negative,neutral"
0,0.0012727737426757812,9.311258661433115e-05,0.00048279762268066406,1.7085149239442463e-05,{},-1.2128046100736811,-2.3253851657522544,-2.7488843304288366,-1.935793599844328,-2.280057171549379,-3.3834083157981696,-2.6591982555308733,-1.9174176790388628,-2.293705616978059,-2.1445948641056476,-2.290124960910009,0.5467687621217546,1,finbert_tone_whole_article_sentiment_df,504,10,30,neg_mean_absolute_error,"open,prev_high,prev_low,prev_close,positive,negative,neutral"
0,0.0013241767883300781,0.00012289842955497075,0.0005166053771972657,5.6274643850219406e-05,{},-1.2133791252556847,-2.2563430834070344,-2.7417044895955853,-1.9067822628202578,-2.2839254195707412,-3.433075674716258,-2.785864791905351,-1.9430249593040714,-2.2611693625549605,-2.1325686494791114,-2.2957837818609055,0.5665114173437815,1,bert_topic_article_sentiment_df,504,10,0,neg_mean_absolute_error,"open,prev_high,prev_low,prev_close,positive,negative,neutral"
0,0.001224374771118164,0.00013026669283755887,0.0004772663116455078,2.614959498331134e-05,{},-1.2220983266001952,-2.260012380280739,-2.7383735042633277,-1.9005730176236113,-2.28008845717045,-3.392714639088615,-2.7791341114006682,-1.9441804262451767,-2.25811803816961,-2.1161165427498987,-2.289140944359229,0.5567918032993513,1,bert_topic_article_sentiment_df,504,10,5,neg_mean_absolute_error,"open,prev_high,prev_low,prev_close,positive,negative,neutral"
0,0.0013060569763183594,0.0001148119514576487,0.0004929065704345703,3.9524623315561454e-05,{},-1.2348485482321394,-2.2297787620623497,-2.732470594969217,-1.8919857875712183,-2.249807375072834,-3.4362662602454153,-2.7586207649063423,-1.950613099680791,-2.2413727879249707,-2.126384002245243,-2.285214798291052,0.5612845284863138,1,bert_topic_article_sentiment_df,504,10,30,neg_mean_absolute_error,"open,prev_high,prev_low,prev_close,positive,negative,neutral"
0,0.0012325525283813476,7.721987641135064e-05,0.0004839181900024414,1.9021275705988587e-05,{},-2.126792415837599,-2.1468246826066624,-1.631108225023157,-1.4359897092932727,-1.2253268880178212,-2.9773738361485735,-2.4881570560468087,-2.891583052901751,-2.2596235682760457,-3.067482611263343,-2.2250262045415035,0.6148962389429137,1,finbert_summary_sentiment_df,60,60,0,neg_mean_absolute_error,"open,prev_high,prev_low,prev_close,positive,negative,neutral"
0,0.001216554641723633,0.00013003045048107497,0.00048086643218994143,2.057662841552376e-05,{},-2.2249758965942648,-2.0882079269039155,-1.5774459154015403,-1.3724720903537218,-1.2115135154872785,-2.9837235109202114,-2.5060893116515293,-2.6761855300475417,-2.3260176694061254,-3.158027543393041,-2.212465891015917,0.6268502159521849,1,finbert_summary_sentiment_df,60,60,5,neg_mean_absolute_error,"open,prev_high,prev_low,prev_close,positive,negative,neutral"
0,0.001121830940246582,0.00011891811334405612,0.0004614114761352539,2.104307015052421e-05,{},-2.1801845209362227,-1.7874313231716314,-1.5481624441910298,-1.4088891551892457,-1.918199522690702,-2.6827118350878227,-2.4760133530344084,-3.6940912574622566,-1.8745318719092816,-2.6615340423854565,-2.2231749326058057,0.6446581121296296,1,finbert_summary_sentiment_df,60,60,30,neg_mean_absolute_error,"open,prev_high,prev_low,prev_close,positive,negative,neutral"
0,0.0011939287185668945,0.00011121423269120052,0.0004767179489135742,2.8021081115747194e-05,{},-2.0774975355113914,-2.2218344255291904,-1.5227664336125448,-1.4532152621820993,-1.2657029206234314,-2.9786698589837064,-2.62110100925532,-2.529147759756506,-2.5784874224347125,-3.039159964790095,-2.2287582592678996,0.6029834354507636,1,finbert_tone_summary_sentiment_df,60,60,0,neg_mean_absolute_error,"open,prev_high,prev_low,prev_close,positive,negative,neutral"
0,0.0011893272399902343,0.00013796668263917414,0.00047428607940673827,2.8481801189475004e-05,{},-2.1384588410741876,-2.182651641429743,-1.468815040078304,-1.3372077353249248,-1.2419773396338125,-3.0145908727583826,-2.72189440877681,-2.539647995769883,-2.4288693209641377,-2.990128554374481,-2.2064241750184665,0.6267776366746847,1,finbert_tone_summary_sentiment_df,60,60,5,neg_mean_absolute_error,"open,prev_high,prev_low,prev_close,positive,negative,neutral"
0,0.0011928796768188477,9.723772776123568e-05,0.00047237873077392577,1.4360657786508254e-05,{},-2.2048890907369127,-1.7625314107356493,-1.4065328511146353,-1.378393958802523,-1.9616467969703573,-2.5875062294248283,-2.5794540667722856,-3.9587242492962407,-1.9886999818016495,-2.685153909021316,-2.25135325446764,0.7206767250209299,1,finbert_tone_summary_sentiment_df,60,60,30,neg_mean_absolute_error,"open,prev_high,prev_low,prev_close,positive,negative,neutral"
0,0.0012218952178955078,0.00011264065520835276,0.0004865407943725586,2.871633761202724e-05,{},-2.0959398502595814,-1.9395036735350268,-1.5124102106437336,-1.4736755931607537,-1.2800763246994127,-3.0754656202393655,-2.547625889439642,-2.545479427528365,-2.5504183478169797,-3.1262332761138945,-2.2146828213436756,0.6253365794160889,1,finbert_whole_article_sentiment_df,60,60,0,neg_mean_absolute_error,"open,prev_high,prev_low,prev_close,positive,negative,neutral"
0,0.0012385129928588867,0.00011906104645582485,0.0004773855209350586,1.7163173764041077e-05,{},-2.135028679249434,-1.8604474340294435,-1.4322904466032083,-1.374626507021926,-1.2615574757170143,-3.1416806149516625,-2.613804145404729,-2.534029668610727,-2.4365724723193067,-3.0866067113880167,-2.1876644155295466,0.6542858205696308,1,finbert_whole_article_sentiment_df,60,60,5,neg_mean_absolute_error,"open,prev_high,prev_low,prev_close,positive,negative,neutral"
0,0.0011819839477539063,0.00011173064896865022,0.0004721164703369141,1.732822558872021e-05,{},-2.158217430223088,-1.591387702908681,-1.410332963760747,-1.4506534287530086,-1.6972721449111607,-2.5779438910120764,-2.3615287010945925,-4.130669350859645,-2.0345471283755976,-2.659783886753134,-2.2072336628651725,0.7710158354012084,1,finbert_whole_article_sentiment_df,60,60,30,neg_mean_absolute_error,"open,prev_high,prev_low,prev_close,positive,negative,neutral"
0,0.0012438297271728516,0.00010254648886337599,0.00048639774322509763,1.9653689621815548e-05,{},-2.168313554257554,-2.016901996018286,-1.5310492151448367,-1.5492753264703651,-1.3282673554254834,-3.3619421049397715,-2.5769668161431656,-2.5365219842897964,-2.544020261961684,-3.01995167156515,-2.2633210286216094,0.6341466790989567,1,finbert_tone_whole_article_sentiment_df,60,60,0,neg_mean_absolute_error,"open,prev_high,prev_low,prev_close,positive,negative,neutral"
0,0.0012239933013916016,0.00012524492640462589,0.0004809856414794922,2.1626602232516388e-05,{},-2.236592761293703,-2.0261724560802503,-1.5052502043041083,-1.4879758628644406,-1.3159010633356085,-3.4525127682444086,-2.6501361197993014,-2.5643431805767705,-2.43967268429188,-3.0769447506967254,-2.2755501851487194,0.6690586765228218,1,finbert_tone_whole_article_sentiment_df,60,60,5,neg_mean_absolute_error,"open,prev_high,prev_low,prev_close,positive,negative,neutral"
0,0.0011811494827270509,9.451217109955548e-05,0.00047550201416015627,1.346556390274688e-05,{},-2.2080642727332833,-1.948256876726388,-1.3910009402653827,-1.4980585430755278,-1.788856220474103,-3.1686020666992816,-2.5335470665995192,-4.245039794159595,-2.0979188533116786,-2.6067605197429846,-2.348610515378774,0.810329274105334,1,finbert_tone_whole_article_sentiment_df,60,60,30,neg_mean_absolute_error,"open,prev_high,prev_low,prev_close,positive,negative,neutral"
0,0.0012354135513305664,6.679670408329904e-05,0.00048422813415527344,1.5097375299967474e-05,{},-2.083016426587825,-2.604922335026659,-297.6098113338579,-1.4422086913181833,-1.2306723402043127,-3.052537177644269,-2.5437203933441612,-2.516904289176106,-2.3984605047181637,-3.0499680464596013,-31.85322215383372,88.58736902415677,1,bert_topic_article_sentiment_df,60,60,0,neg_mean_absolute_error,"open,prev_high,prev_low,prev_close,positive,negative,neutral"
0,0.0012662649154663087,0.0001005880864858008,0.000500941276550293,5.1392832229712436e-05,{},-2.129150032373573,-2.516380868324116,-25.130146072371886,-1.3384431018362835,-1.2140838896253152,-3.1051959869520585,-2.6316912727922044,-2.501067692115108,-2.3698367000367093,-3.0142605900413457,-4.59502562064686,6.8705006571588045,1,bert_topic_article_sentiment_df,60,60,5,neg_mean_absolute_error,"open,prev_high,prev_low,prev_close,positive,negative,neutral"
0,0.0012034177780151367,0.00011826471180307517,0.00047321319580078124,1.7851741365045585e-05,{},-2.145065488102105,-1.711208831387599,-254.73402591630185,-1.5574486276110586,-2.5978408468858305,-2.850451299076546,-2.663476934262489,-2.6788130147384437,-2.2449106907810497,-2.7032535276873633,-27.58864951768344,75.71626940568181,1,bert_topic_article_sentiment_df,60,60,30,neg_mean_absolute_error,"open,prev_high,prev_low,prev_close,positive,negative,neutral"
0,0.0012021780014038086,0.0001230427469875774,0.00047075748443603516,2.1894888234281568e-05,{},-2.073751605813633,-1.4696219473736543,-1.4036404033006724,-1.3296174630438145,-1.3470931519300735,-1.9746664581568634,-2.447624133105672,-2.4546040667840554,-1.9231132640751638,-2.622646972712634,-1.9046379466296233,0.47206150719290474,1,finbert_summary_sentiment_df,252,60,0,neg_mean_absolute_error,"open,prev_high,prev_low,prev_close,positive,negative,neutral"
0,0.0012124538421630859,0.00014631809387091526,0.00047414302825927735,2.6822471615939706e-05,{},-2.0845034224361902,-1.468519811635383,-1.4074270799630995,-1.30507816096856,-1.3374926904105982,-1.9727256107746598,-2.4627831492399515,-2.456977661996794,-1.9218043282773427,-2.60846677654475,-1.9025778692247328,0.47621039120224,1,finbert_summary_sentiment_df,252,60,5,neg_mean_absolute_error,"open,prev_high,prev_low,prev_close,positive,negative,neutral"
0,0.0011844873428344727,0.0001106758689664921,0.00046868324279785155,1.7432882173085136e-05,{},-2.0559566423180438,-1.4622665437695672,-1.3971280190280215,-1.327411310440334,-1.443148545681485,-1.973395009539655,-2.415853520546219,-2.4597764109250706,-1.9520085009763155,-2.5893201593310096,-1.9076264662555722,0.4546989322210581,1,finbert_summary_sentiment_df,252,60,30,neg_mean_absolute_error,"open,prev_high,prev_low,prev_close,positive,negative,neutral"
0,0.0012539863586425782,0.00012936317034565955,0.0004820823669433594,2.5055966460432293e-05,{},-2.0702950090357377,-1.5153170356559713,-1.3814315581786931,-1.264431393787432,-1.3299969698889564,-1.998082480145707,-2.4182602767338723,-2.4329649023565634,-1.9419118505024016,-2.5996378993636426,-1.8952329375648975,0.47202050047030536,1,finbert_tone_summary_sentiment_df,252,60,0,neg_mean_absolute_error,"open,prev_high,prev_low,prev_close,positive,negative,neutral"
0,0.0012534618377685546,0.00012512388751408375,0.00048553943634033203,2.3285636044575175e-05,{},-2.0856541524269763,-1.5195898062746191,-1.3842650456020744,-1.239874481885181,-1.3307994648336867,-2.007303795761256,-2.4345838249180285,-2.4418915409266067,-1.9424346321733235,-2.5778669040015,-1.8964263648803255,0.47508249950261483,1,finbert_tone_summary_sentiment_df,252,60,5,neg_mean_absolute_error,"open,prev_high,prev_low,prev_close,positive,negative,neutral"
0,0.0012730121612548827,0.000103714504432886,0.0004889726638793946,2.0614164497829007e-05,{},-2.0680772438328727,-1.5054775590356484,-1.369586722575942,-1.267149711387674,-1.4064984264683005,-1.995371678740503,-2.3764387441981096,-2.4797137176107773,-1.9668826094019096,-2.52897383221986,-1.8964170245471599,0.4562225409220125,1,finbert_tone_summary_sentiment_df,252,60,30,neg_mean_absolute_error,"open,prev_high,prev_low,prev_close,positive,negative,neutral"
0,0.0012326955795288086,0.00012562501177340528,0.0004797697067260742,1.464753796999422e-05,{},-2.056081903228244,-1.478502280344776,-1.3651953487200899,-1.2873366057874553,-1.3524219172069138,-1.9739253891970254,-2.4586247046510588,-2.462410267804584,-1.965729950131409,-2.6064240071832843,-1.9006652374254842,0.4796268139492621,1,finbert_whole_article_sentiment_df,252,60,0,neg_mean_absolute_error,"open,prev_high,prev_low,prev_close,positive,negative,neutral"
0,0.0013227462768554688,0.00010143846201580616,0.0004923820495605468,1.3006733236165888e-05,{},-2.0714788176688357,-1.476124534428707,-1.3669850139626343,-1.2613969883293634,-1.3607016442058049,-1.9807321445860642,-2.4754871822850837,-2.461849921696914,-1.9665639637600862,-2.5823406411190075,-1.90036608520425,0.48116874128573933,1,finbert_whole_article_sentiment_df,252,60,5,neg_mean_absolute_error,"open,prev_high,prev_low,prev_close,positive,negative,neutral"
0,0.0012576818466186524,0.00012118356697119605,0.0004948139190673828,4.1851419049566006e-05,{},-2.063400945712036,-1.4554693518451112,-1.370567926228394,-1.2837658947902242,-1.424793072964718,-1.9772600731022767,-2.412048104700334,-2.462176981810823,-1.980618071118272,-2.561483085355737,-1.8991583507627923,0.46243152834141793,1,finbert_whole_article_sentiment_df,252,60,30,neg_mean_absolute_error,"open,prev_high,prev_low,prev_close,positive,negative,neutral"
0,0.0012690067291259766,7.237762931798912e-05,0.0004947185516357422,2.505710076375894e-05,{},-2.083302899112039,-1.4926611223421218,-1.3520608080789165,-1.2842841195690728,-1.3485139823288477,-2.014154054588342,-2.4644517465964326,-2.4577836375859494,-1.951594295023051,-2.589959779325426,-1.90387664445502,0.48003341952784406,1,finbert_tone_whole_article_sentiment_df,252,60,0,neg_mean_absolute_error,"open,prev_high,prev_low,prev_close,positive,negative,neutral"
0,0.0012463569641113282,0.0001389598794075416,0.00047452449798583983,1.5352027609240118e-05,{},-2.103403498391259,-1.4927087226938889,-1.3556663055433396,-1.259851540460492,-1.3553504241214946,-2.020553078564611,-2.4732383684453603,-2.4657244976470567,-1.9490097439765757,-2.5652952749556883,-1.9040801454799765,0.48145864936281696,1,finbert_tone_whole_article_sentiment_df,252,60,5,neg_mean_absolute_error,"open,prev_high,prev_low,prev_close,positive,negative,neutral"
0,0.0012764453887939454,0.00010614484039441627,0.0004952669143676758,1.7514940232333003e-05,{},-2.0959308127910883,-1.4725304930031702,-1.361288916569138,-1.2840483411874686,-1.4276914726276877,-2.0044912676566278,-2.3976788788502366,-2.468306953556968,-1.9623205037025913,-2.5285338375504884,-1.9002821477495462,0.4576367341278818,1,finbert_tone_whole_article_sentiment_df,252,60,30,neg_mean_absolute_error,"open,prev_high,prev_low,prev_close,positive,negative,neutral"
0,0.0011893510818481445,0.0001245713347797651,0.00047042369842529295,1.9465661492743357e-05,{},-2.089044157279686,-1.5115624797867935,-129.12195498103458,-1.2753077358611997,-1.3493050840844005,-1.974160890445745,-2.468664022833353,-2.427725982744652,-1.9721596190727495,-2.5433785259534223,-14.673326347909656,38.152003633190546,1,bert_topic_article_sentiment_df,252,60,0,neg_mean_absolute_error,"open,prev_high,prev_low,prev_close,positive,negative,neutral"
0,0.0012428045272827148,9.259141685791584e-05,0.0004849433898925781,1.571212805804768e-05,{},-2.108269056543486,-1.5130270787161033,-129.98855935445494,-1.2511408882196595,-1.346779147225137,-1.9771012618793458,-2.4803926431805596,-2.4333542184642263,-1.9700286285947717,-2.5230885597883894,-14.759174083706663,38.41228457428555,1,bert_topic_article_sentiment_df,252,60,5,neg_mean_absolute_error,"open,prev_high,prev_low,prev_close,positive,negative,neutral"
0,0.001302623748779297,8.426518069821088e-05,0.0004941940307617188,1.4043562665602523e-05,{},-2.0880331867261592,-1.4802543184205612,-102.71561695434205,-1.2816428573826697,-1.4230854606692764,-1.9686311060004882,-2.4193439813744737,-2.4487646833894754,-1.9872331142026194,-2.5174288105838665,-12.033003447309163,30.23044291477183,1,bert_topic_article_sentiment_df,252,60,30,neg_mean_absolute_error,"open,prev_high,prev_low,prev_close,positive,negative,neutral"
0,0.0012758255004882812,9.08257634575763e-05,0.00048499107360839845,1.9578448278891215e-05,{},-2.05957348225117,-1.4117129792500331,-1.3786922762308753,-1.257808487465714,-1.3068945089203226,-1.9631538373765012,-2.4852891746910246,-2.417145498503563,-1.946772406519138,-2.4850273185684197,-1.8712069969776763,0.4743394627387454,1,finbert_summary_sentiment_df,504,60,0,neg_mean_absolute_error,"open,prev_high,prev_low,prev_close,positive,negative,neutral"
0,0.0013201713562011718,7.70720499997656e-05,0.0004905223846435547,1.759109085108769e-05,{},-2.0773876556512807,-1.4092631138296325,-1.3780764629592264,-1.2422004715688217,-1.3079749142668977,-1.9711464421023037,-2.4888231820623785,-2.4165223746938334,-1.9447388405299837,-2.4823262118918366,-1.8718459669556196,0.47745533578998,1,finbert_summary_sentiment_df,504,60,5,neg_mean_absolute_error,"open,prev_high,prev_low,prev_close,positive,negative,neutral"
0,0.0012589216232299805,8.973601824849359e-05,0.0004834890365600586,1.5397650706921348e-05,{},-2.0560343795726226,-1.4017739072340551,-1.3778508141262704,-1.2640205052897195,-1.3440609522191154,-1.9568379809489405,-2.4749956815983674,-2.408391114775486,-1.9595067567796831,-2.493588467171935,-1.8737060559716194,0.4690459044724262,1,finbert_summary_sentiment_df,504,60,30,neg_mean_absolute_error,"open,prev_high,prev_low,prev_close,positive,negative,neutral"
0,0.0012572526931762696,9.277455128158808e-05,0.0004887104034423829,1.4314965988658808e-05,{},-2.072167492731012,-1.4315645550203442,-1.3733958049820472,-1.2239247576156156,-1.3021827449629237,-1.9569957184352234,-2.496108701043272,-2.4038281762261837,-1.9623732755509613,-2.470495608357737,-1.8693036834925318,0.4767828170549194,1,finbert_tone_summary_sentiment_df,504,60,0,neg_mean_absolute_error,"open,prev_high,prev_low,prev_close,positive,negative,neutral"
0,0.0012195348739624024,0.00013858320428955542,0.00047895908355712893,2.7640611475951497e-05,{},-2.089763374888605,-1.4324902902738283,-1.3732909655875452,-1.2069355035516707,-1.3025562217608466,-1.9665665189953605,-2.50349957969507,-2.4020752088415143,-1.963305780129061,-2.4691648784624096,-1.8709648322185912,0.4805750273299043,1,finbert_tone_summary_sentiment_df,504,60,5,neg_mean_absolute_error,"open,prev_high,prev_low,prev_close,positive,negative,neutral"
0,0.0012987136840820312,0.00013265125524978947,0.0004902124404907226,2.2681728196183693e-05,{},-2.0696671191380025,-1.4241804046511979,-1.3742749648127812,-1.228853078146803,-1.3380175494706275,-1.955990502805389,-2.484257411512169,-2.4089218956828633,-1.9736455053052282,-2.480837696667724,-1.8738646128192784,0.4730009680308187,1,finbert_tone_summary_sentiment_df,504,60,30,neg_mean_absolute_error,"open,prev_high,prev_low,prev_close,positive,negative,neutral"
0,0.001196432113647461,0.00010582615188781042,0.0004693508148193359,1.4312344949153588e-05,{},-2.0535056724253016,-1.4191934804584547,-1.3644224394600202,-1.2262158044851048,-1.3169043208974804,-1.9768463777535308,-2.5292983840901027,-2.4178795889682902,-1.9823803337617003,-2.490156220333993,-1.877680262263398,0.485363596151745,1,finbert_whole_article_sentiment_df,504,60,0,neg_mean_absolute_error,"open,prev_high,prev_low,prev_close,positive,negative,neutral"
0,0.001183795928955078,0.00013053937797094043,0.00046389102935791017,1.8665921354158364e-05,{},-2.0716519327790497,-1.416371878981649,-1.3640558330184718,-1.208753160094267,-1.3171722213869912,-1.986538424161418,-2.533212383126247,-2.4172963777103535,-1.9797862253223784,-2.4865560919570253,-1.8781394528537851,0.48885422446077653,1,finbert_whole_article_sentiment_df,504,60,5,neg_mean_absolute_error,"open,prev_high,prev_low,prev_close,positive,negative,neutral"
0,0.00131683349609375,7.069654025717864e-05,0.0004975557327270508,1.7771206554833994e-05,{},-2.05981505319941,-1.4029804794431242,-1.361888889517483,-1.227279083614773,-1.351440687255833,-1.9721288533102277,-2.510814784666852,-2.4134171924559524,-1.9889125559231748,-2.495234521250374,-1.8783912100637203,0.48114844271073365,1,finbert_whole_article_sentiment_df,504,60,30,neg_mean_absolute_error,"open,prev_high,prev_low,prev_close,positive,negative,neutral"
0,0.001236557960510254,0.00016747109734357497,0.000476384162902832,1.787295142213211e-05,{},-2.0728417209572,-1.4104963754136945,-1.365302543672641,-1.226775605846645,-1.3075125284902698,-1.9753266596566468,-2.492967231604901,-2.419907708157977,-1.9788334390890971,-2.4503581802042467,-1.8700321993093318,0.4782654422846112,1,finbert_tone_whole_article_sentiment_df,504,60,0,neg_mean_absolute_error,"open,prev_high,prev_low,prev_close,positive,negative,neutral"
0,0.0012444496154785157,9.696616977818445e-05,0.0004856348037719727,2.0385401978659152e-05,{},-2.092367923940073,-1.4120868027404319,-1.366035611172265,-1.2096112378752308,-1.309202387498169,-1.9872967949384246,-2.4979212783717153,-2.4213491843162274,-1.975666530724474,-2.444880673532983,-1.8716418425109993,0.48139123541944423,1,finbert_tone_whole_article_sentiment_df,504,60,5,neg_mean_absolute_error,"open,prev_high,prev_low,prev_close,positive,negative,neutral"
0,0.0013327360153198241,0.00011192062156896401,0.0005185365676879883,7.112857394062887e-05,{},-2.0710631524786343,-1.4004439500541181,-1.36790579656367,-1.2326799343613837,-1.343596924415533,-1.9683783310541534,-2.47282134463231,-2.419931546115769,-1.9870864999807585,-2.4617217840151397,-1.8725629263671468,0.47281706142216795,1,finbert_tone_whole_article_sentiment_df,504,60,30,neg_mean_absolute_error,"open,prev_high,prev_low,prev_close,positive,negative,neutral"
0,0.001351141929626465,9.561146567446328e-05,0.0005126714706420899,4.037448812190169e-05,{},-2.0689926549265705,-1.4315015984952513,-1.370532391777588,-1.2312102255710853,-1.3047573400041255,-1.9564117928382898,-2.5072233082394724,-2.4184048672681207,-1.9549651817465956,-2.459851788310804,-1.8703851149177904,0.47731641802799474,1,bert_topic_article_sentiment_df,504,60,0,neg_mean_absolute_error,"open,prev_high,prev_low,prev_close,positive,negative,neutral"
0,0.0012574911117553711,0.00010665319034430786,0.00048439502716064454,2.2300754248397022e-05,{},-2.086074102817439,-1.4314401483585348,-1.370252527909814,-1.2147016056216784,-1.30493142537831,-1.9640818903834125,-2.5118328791279874,-2.4130202416982347,-1.9571724924340923,-2.4586447046854087,-1.8712152018414911,0.4803381591440042,1,bert_topic_article_sentiment_df,504,60,5,neg_mean_absolute_error,"open,prev_high,prev_low,prev_close,positive,negative,neutral"
0,0.0013334989547729493,0.00012686267828398992,0.0004956007003784179,3.32716608148869e-05,{},-2.066424862859941,-1.412956472983777,-1.3723536951527922,-1.2363195020331343,-1.3399936449248508,-1.951470559135575,-2.4939425845707173,-2.4193718104835544,-1.9656996286032467,-2.467148455545368,-1.8725681216292955,0.47339317679675663,1,bert_topic_article_sentiment_df,504,60,30,neg_mean_absolute_error,"open,prev_high,prev_low,prev_close,positive,negative,neutral"
